billing_period_start,billing_period_end,line_item_usage_start_date,line_item_usage_end_date,line_item_product_code,line_item_usage_type,line_item_operation,line_item_usage_amount,line_item_unblended_cost,pricing_unit,product_region,resource_id,usage_account_id,payer_account_id,service,region,usage_hours,cost,data_source,scenario,technical_debt_event,anomaly_score,waste_driver,recommended_action,pmo_summary_line
2026-03-01,2026-03-31,2026-03-01T00:00:00+00:00,2026-03-01T01:00:00+00:00,AmazonEMR,EMR-InstanceUsage,RunJobFlow,72,1840.22,Hrs,us-gov-west-1,emr-00000,0000000000,synthetic-payer,AmazonEMR,us-gov-west-1,72,1840.22,synthetic,cluster_left_running,missed_shutdown_hook,high,missed shutdown automation,Bedrock flow scheduled cluster teardown check,EMR waste due to automation gap caused 72 excess compute hours
2026-03-01,2026-03-31,2026-03-01T03:00:00+00:00,2026-03-01T04:00:00+00:00,AmazonS3,TimedStorage-ByteHrs,StandardStorage,53.29,2.15,GB-Mo,us-gov-west-1,s3-00001,0000000001,synthetic-payer,AmazonS3,us-gov-east-1,53.29,2.15,synthetic,baseline_operations,none,low,none,Continue monitoring synthetic cost baselines,Baseline synthetic operations remained within expected spend bounds
2026-03-01,2026-03-31,2026-03-01T06:00:00+00:00,2026-03-01T07:00:00+00:00,AmazonEC2,BoxUsage:m6i.2xlarge,RunInstances,3.12,0.95,Hrs,us-gov-west-1,ec2-00002,0000000002,synthetic-payer,AmazonEC2,us-gov-west-1,3.12,0.95,synthetic,baseline_operations,none,low,none,Continue monitoring synthetic cost baselines,Baseline synthetic operations remained within expected spend bounds
2026-03-01,2026-03-31,2026-03-01T09:00:00+00:00,2026-03-01T10:00:00+00:00,AWSLambda,Lambda-GB-Second,Invoke,47.14,0.0,GB-Second,us-gov-west-1,lambda-00003,0000000003,synthetic-payer,AWSLambda,us-gov-east-1,47.14,0.0,synthetic,baseline_operations,none,low,none,Continue monitoring synthetic cost baselines,Baseline synthetic operations remained within expected spend bounds
2026-03-01,2026-03-31,2026-03-01T12:00:00+00:00,2026-03-01T13:00:00+00:00,AWSGlue,Glue-ETL-DPU-Hour,StartJobRun,20.75,18.09,DPU-Hr,us-gov-west-1,glue-00004,0000000004,synthetic-payer,AWSGlue,us-gov-east-1,20.75,18.09,synthetic,baseline_operations,none,low,none,Continue monitoring synthetic cost baselines,Baseline synthetic operations remained within expected spend bounds
2026-03-01,2026-03-31,2026-03-01T15:00:00+00:00,2026-03-01T16:00:00+00:00,AmazonEMR,EMR-InstanceUsage,RunJobFlow,20.73,352.71,Hrs,us-gov-east-1,emr-00005,0000000005,synthetic-payer,AmazonEMR,us-gov-west-1,20.73,352.71,synthetic,baseline_operations,none,low,none,Continue monitoring synthetic cost baselines,Baseline synthetic operations remained within expected spend bounds
2026-03-01,2026-03-31,2026-03-01T18:00:00+00:00,2026-03-01T19:00:00+00:00,AmazonEC2,BoxUsage:m6i.2xlarge,RunInstances,27.97,10.07,Hrs,us-gov-east-1,ec2-00006,0000000006,synthetic-payer,AmazonEC2,us-gov-east-1,27.97,10.07,synthetic,baseline_operations,none,low,none,Continue monitoring synthetic cost baselines,Baseline synthetic operations remained within expected spend bounds
2026-03-01,2026-03-31,2026-03-01T21:00:00+00:00,2026-03-01T22:00:00+00:00,AmazonBedrock,InputTokens,InvokeModel,4.08,0.04,1K-Tokens,us-gov-west-1,bedrock-00007,0000000007,synthetic-payer,AmazonBedrock,us-gov-east-1,4.08,0.04,synthetic,baseline_operations,none,low,none,Continue monitoring synthetic cost baselines,Baseline synthetic operations remained within expected spend bounds
2026-03-01,2026-03-31,2026-03-02T00:00:00+00:00,2026-03-02T01:00:00+00:00,AmazonEC2,BoxUsage:m6i.2xlarge,RunInstances,40.19,21.84,Hrs,us-gov-east-1,ec2-00008,0000000008,synthetic-payer,AmazonEC2,us-gov-west-1,40.19,21.84,synthetic,baseline_operations,none,low,none,Continue monitoring synthetic cost baselines,Baseline synthetic operations remained within expected spend bounds
2026-03-01,2026-03-31,2026-03-02T03:00:00+00:00,2026-03-02T04:00:00+00:00,AmazonEMR,EMR-InstanceUsage,RunJobFlow,89.59,1732.18,Hrs,us-gov-east-1,emr-00009,0000000009,synthetic-payer,AmazonEMR,us-gov-west-1,89.59,1732.18,synthetic,cluster_left_running,missed_shutdown_hook,high,missed shutdown automation,Bedrock flow scheduled cluster teardown check,EMR waste due to automation gap caused 90 excess compute hours
2026-03-01,2026-03-31,2026-03-02T06:00:00+00:00,2026-03-02T07:00:00+00:00,AmazonRedshift,NodeUsage:ra3.xlplus,CreateCluster,46.13,113.01,Hrs,us-gov-east-1,redshift-00010,0000000000,synthetic-payer,AmazonRedshift,us-gov-east-1,46.13,113.01,synthetic,baseline_operations,none,low,none,Continue monitoring synthetic cost baselines,Baseline synthetic operations remained within expected spend bounds
2026-03-01,2026-03-31,2026-03-02T09:00:00+00:00,2026-03-02T10:00:00+00:00,AmazonS3,TimedStorage-ByteHrs,StandardStorage,48.58,1.99,GB-Mo,us-gov-west-1,s3-00011,0000000001,synthetic-payer,AmazonS3,us-gov-west-1,48.58,1.99,synthetic,baseline_operations,none,low,none,Continue monitoring synthetic cost baselines,Baseline synthetic operations remained within expected spend bounds
2026-03-01,2026-03-31,2026-03-02T12:00:00+00:00,2026-03-02T13:00:00+00:00,AWSGlue,Glue-ETL-DPU-Hour,StartJobRun,52.77,23.64,DPU-Hr,us-gov-east-1,glue-00012,0000000002,synthetic-payer,AWSGlue,us-gov-east-1,52.77,23.64,synthetic,baseline_operations,none,low,none,Continue monitoring synthetic cost baselines,Baseline synthetic operations remained within expected spend bounds
2026-03-01,2026-03-31,2026-03-02T15:00:00+00:00,2026-03-02T16:00:00+00:00,AWSLambda,Lambda-GB-Second,Invoke,49.86,0.0,GB-Second,us-gov-east-1,lambda-00013,0000000003,synthetic-payer,AWSLambda,us-gov-west-1,49.86,0.0,synthetic,baseline_operations,none,low,none,Continue monitoring synthetic cost baselines,Baseline synthetic operations remained within expected spend bounds
2026-03-01,2026-03-31,2026-03-02T18:00:00+00:00,2026-03-02T19:00:00+00:00,AmazonS3,TimedStorage-ByteHrs,StandardStorage,59.35,2.62,GB-Mo,us-gov-east-1,s3-00014,0000000004,synthetic-payer,AmazonS3,us-gov-east-1,59.35,2.62,synthetic,baseline_operations,none,low,none,Continue monitoring synthetic cost baselines,Baseline synthetic operations remained within expected spend bounds
2026-03-01,2026-03-31,2026-03-02T21:00:00+00:00,2026-03-02T22:00:00+00:00,AmazonEC2,BoxUsage:m6i.2xlarge,RunInstances,15.98,9.39,Hrs,us-gov-east-1,ec2-00015,0000000005,synthetic-payer,AmazonEC2,us-gov-west-1,15.98,9.39,synthetic,baseline_operations,none,low,none,Continue monitoring synthetic cost baselines,Baseline synthetic operations remained within expected spend bounds
2026-03-01,2026-03-31,2026-03-03T00:00:00+00:00,2026-03-03T01:00:00+00:00,AWSLambda,Lambda-GB-Second,Invoke,36.45,0.0,GB-Second,us-gov-east-1,lambda-00016,0000000006,synthetic-payer,AWSLambda,us-gov-west-1,36.45,0.0,synthetic,baseline_operations,none,low,none,Continue monitoring synthetic cost baselines,Baseline synthetic operations remained within expected spend bounds
2026-03-01,2026-03-31,2026-03-03T03:00:00+00:00,2026-03-03T04:00:00+00:00,AmazonEMR,EMR-InstanceUsage,RunJobFlow,10.91,266.53,Hrs,us-gov-east-1,emr-00017,0000000007,synthetic-payer,AmazonEMR,us-gov-east-1,10.91,266.53,synthetic,baseline_operations,none,low,none,Continue monitoring synthetic cost baselines,Baseline synthetic operations remained within expected spend bounds
2026-03-01,2026-03-31,2026-03-03T06:00:00+00:00,2026-03-03T07:00:00+00:00,AmazonEMR,EMR-InstanceUsage,RunJobFlow,84.28,2405.54,Hrs,us-gov-west-1,emr-00018,0000000008,synthetic-payer,AmazonEMR,us-gov-east-1,84.28,2405.54,synthetic,cluster_left_running,missed_shutdown_hook,high,missed shutdown automation,Bedrock flow scheduled cluster teardown check,EMR waste due to automation gap caused 84 excess compute hours
2026-03-01,2026-03-31,2026-03-03T09:00:00+00:00,2026-03-03T10:00:00+00:00,AmazonS3,TimedStorage-ByteHrs,StandardStorage,45.55,1.99,GB-Mo,us-gov-east-1,s3-00019,0000000009,synthetic-payer,AmazonS3,us-gov-west-1,45.55,1.99,synthetic,baseline_operations,none,low,none,Continue monitoring synthetic cost baselines,Baseline synthetic operations remained within expected spend bounds
2026-03-01,2026-03-31,2026-03-03T12:00:00+00:00,2026-03-03T13:00:00+00:00,AmazonRedshift,NodeUsage:ra3.xlplus,CreateCluster,28.09,134.43,Hrs,us-gov-east-1,redshift-00020,0000000000,synthetic-payer,AmazonRedshift,us-gov-west-1,28.09,134.43,synthetic,baseline_operations,none,low,none,Continue monitoring synthetic cost baselines,Baseline synthetic operations remained within expected spend bounds
2026-03-01,2026-03-31,2026-03-03T15:00:00+00:00,2026-03-03T16:00:00+00:00,AWSLambda,Lambda-GB-Second,Invoke,52.17,0.0,GB-Second,us-gov-east-1,lambda-00021,0000000001,synthetic-payer,AWSLambda,us-gov-east-1,52.17,0.0,synthetic,baseline_operations,none,low,none,Continue monitoring synthetic cost baselines,Baseline synthetic operations remained within expected spend bounds
2026-03-01,2026-03-31,2026-03-03T18:00:00+00:00,2026-03-03T19:00:00+00:00,AmazonEC2,BoxUsage:m6i.2xlarge,RunInstances,21.84,6.15,Hrs,us-gov-west-1,ec2-00022,0000000002,synthetic-payer,AmazonEC2,us-gov-east-1,21.84,6.15,synthetic,baseline_operations,none,low,none,Continue monitoring synthetic cost baselines,Baseline synthetic operations remained within expected spend bounds
2026-03-01,2026-03-31,2026-03-03T21:00:00+00:00,2026-03-03T22:00:00+00:00,AWSGlue,Glue-ETL-DPU-Hour,StartJobRun,55.1,36.07,DPU-Hr,us-gov-west-1,glue-00023,0000000003,synthetic-payer,AWSGlue,us-gov-east-1,55.1,36.07,synthetic,baseline_operations,none,low,none,Continue monitoring synthetic cost baselines,Baseline synthetic operations remained within expected spend bounds
2026-03-01,2026-03-31,2026-03-04T00:00:00+00:00,2026-03-04T01:00:00+00:00,AmazonBedrock,InputTokens,InvokeModel,46.37,0.56,1K-Tokens,us-gov-west-1,bedrock-00024,0000000004,synthetic-payer,AmazonBedrock,us-gov-east-1,46.37,0.56,synthetic,baseline_operations,none,low,none,Continue monitoring synthetic cost baselines,Baseline synthetic operations remained within expected spend bounds
2026-03-01,2026-03-31,2026-03-04T03:00:00+00:00,2026-03-04T04:00:00+00:00,AmazonBedrock,InputTokens,InvokeModel,12.47,0.22,1K-Tokens,us-gov-west-1,bedrock-00025,0000000005,synthetic-payer,AmazonBedrock,us-gov-east-1,12.47,0.22,synthetic,baseline_operations,none,low,none,Continue monitoring synthetic cost baselines,Baseline synthetic operations remained within expected spend bounds
2026-03-01,2026-03-31,2026-03-04T06:00:00+00:00,2026-03-04T07:00:00+00:00,AmazonRedshift,NodeUsage:ra3.xlplus,CreateCluster,2.38,10.8,Hrs,us-gov-east-1,redshift-00026,0000000006,synthetic-payer,AmazonRedshift,us-gov-west-1,2.38,10.8,synthetic,baseline_operations,none,low,none,Continue monitoring synthetic cost baselines,Baseline synthetic operations remained within expected spend bounds
2026-03-01,2026-03-31,2026-03-04T09:00:00+00:00,2026-03-04T10:00:00+00:00,AmazonEC2,BoxUsage:m6i.2xlarge,RunInstances,178.32,240.14,Hrs,us-gov-west-1,ec2-00027,0000000007,synthetic-payer,AmazonEC2,us-gov-west-1,178.32,240.14,synthetic,orphan_ebs_leakage,orphaned_storage_cleanup_gap,medium,orphaned block storage,Bedrock flow orphaned resource sweep,Detached storage continued accruing cost after instance retirement
2026-03-01,2026-03-31,2026-03-04T12:00:00+00:00,2026-03-04T13:00:00+00:00,AmazonBedrock,InputTokens,InvokeModel,38.82,0.19,1K-Tokens,us-gov-east-1,bedrock-00028,0000000008,synthetic-payer,AmazonBedrock,us-gov-west-1,38.82,0.19,synthetic,baseline_operations,none,low,none,Continue monitoring synthetic cost baselines,Baseline synthetic operations remained within expected spend bounds
2026-03-01,2026-03-31,2026-03-04T15:00:00+00:00,2026-03-04T16:00:00+00:00,AmazonEMR,EMR-InstanceUsage,RunJobFlow,38.46,865.05,Hrs,us-gov-west-1,emr-00029,0000000009,synthetic-payer,AmazonEMR,us-gov-west-1,38.46,865.05,synthetic,baseline_operations,none,low,none,Continue monitoring synthetic cost baselines,Baseline synthetic operations remained within expected spend bounds
2026-03-01,2026-03-31,2026-03-04T18:00:00+00:00,2026-03-04T19:00:00+00:00,AWSLambda,Lambda-GB-Second,Invoke,23.13,0.0,GB-Second,us-gov-east-1,lambda-00030,0000000000,synthetic-payer,AWSLambda,us-gov-east-1,23.13,0.0,synthetic,baseline_operations,none,low,none,Continue monitoring synthetic cost baselines,Baseline synthetic operations remained within expected spend bounds
2026-03-01,2026-03-31,2026-03-04T21:00:00+00:00,2026-03-04T22:00:00+00:00,AWSGlue,Glue-ETL-DPU-Hour,StartJobRun,33.06,16.49,DPU-Hr,us-gov-west-1,glue-00031,0000000001,synthetic-payer,AWSGlue,us-gov-east-1,33.06,16.49,synthetic,baseline_operations,none,low,none,Continue monitoring synthetic cost baselines,Baseline synthetic operations remained within expected spend bounds
2026-03-01,2026-03-31,2026-03-05T00:00:00+00:00,2026-03-05T01:00:00+00:00,AmazonEC2,BoxUsage:m6i.2xlarge,RunInstances,42.77,13.25,Hrs,us-gov-west-1,ec2-00032,0000000002,synthetic-payer,AmazonEC2,us-gov-west-1,42.77,13.25,synthetic,baseline_operations,none,low,none,Continue monitoring synthetic cost baselines,Baseline synthetic operations remained within expected spend bounds
2026-03-01,2026-03-31,2026-03-05T03:00:00+00:00,2026-03-05T04:00:00+00:00,AmazonEC2,BoxUsage:m6i.2xlarge,RunInstances,51.26,12.45,Hrs,us-gov-west-1,ec2-00033,0000000003,synthetic-payer,AmazonEC2,us-gov-west-1,51.26,12.45,synthetic,baseline_operations,none,low,none,Continue monitoring synthetic cost baselines,Baseline synthetic operations remained within expected spend bounds
2026-03-01,2026-03-31,2026-03-05T06:00:00+00:00,2026-03-05T07:00:00+00:00,AmazonBedrock,InputTokens,InvokeModel,24.46,0.26,1K-Tokens,us-gov-east-1,bedrock-00034,0000000004,synthetic-payer,AmazonBedrock,us-gov-east-1,24.46,0.26,synthetic,baseline_operations,none,low,none,Continue monitoring synthetic cost baselines,Baseline synthetic operations remained within expected spend bounds
2026-03-01,2026-03-31,2026-03-05T09:00:00+00:00,2026-03-05T10:00:00+00:00,AmazonS3,TimedStorage-ByteHrs,StandardStorage,39.29,1.64,GB-Mo,us-gov-east-1,s3-00035,0000000005,synthetic-payer,AmazonS3,us-gov-west-1,39.29,1.64,synthetic,baseline_operations,none,low,none,Continue monitoring synthetic cost baselines,Baseline synthetic operations remained within expected spend bounds
2026-03-01,2026-03-31,2026-03-05T12:00:00+00:00,2026-03-05T13:00:00+00:00,AmazonEC2,BoxUsage:m6i.2xlarge,RunInstances,171.73,445.68,Hrs,us-gov-west-1,ec2-00036,0000000006,synthetic-payer,AmazonEC2,us-gov-west-1,171.73,445.68,synthetic,orphan_ebs_leakage,orphaned_storage_cleanup_gap,medium,orphaned block storage,Bedrock flow orphaned resource sweep,Detached storage continued accruing cost after instance retirement
2026-03-01,2026-03-31,2026-03-05T15:00:00+00:00,2026-03-05T16:00:00+00:00,AmazonRedshift,NodeUsage:ra3.xlplus,CreateCluster,62.33,81.06,Hrs,us-gov-west-1,redshift-00037,0000000007,synthetic-payer,AmazonRedshift,us-gov-west-1,62.33,81.06,synthetic,baseline_operations,none,low,none,Continue monitoring synthetic cost baselines,Baseline synthetic operations remained within expected spend bounds
2026-03-01,2026-03-31,2026-03-05T18:00:00+00:00,2026-03-05T19:00:00+00:00,AmazonRedshift,NodeUsage:ra3.xlplus,CreateCluster,52.7,214.08,Hrs,us-gov-west-1,redshift-00038,0000000008,synthetic-payer,AmazonRedshift,us-gov-west-1,52.7,214.08,synthetic,baseline_operations,none,low,none,Continue monitoring synthetic cost baselines,Baseline synthetic operations remained within expected spend bounds
2026-03-01,2026-03-31,2026-03-05T21:00:00+00:00,2026-03-05T22:00:00+00:00,AmazonS3,TimedStorage-ByteHrs,StandardStorage,14.5,0.49,GB-Mo,us-gov-east-1,s3-00039,0000000009,synthetic-payer,AmazonS3,us-gov-west-1,14.5,0.49,synthetic,baseline_operations,none,low,none,Continue monitoring synthetic cost baselines,Baseline synthetic operations remained within expected spend bounds
2026-03-01,2026-03-31,2026-03-06T00:00:00+00:00,2026-03-06T01:00:00+00:00,AmazonEMR,EMR-InstanceUsage,RunJobFlow,33.85,888.32,Hrs,us-gov-west-1,emr-00040,0000000000,synthetic-payer,AmazonEMR,us-gov-east-1,33.85,888.32,synthetic,baseline_operations,none,low,none,Continue monitoring synthetic cost baselines,Baseline synthetic operations remained within expected spend bounds
2026-03-01,2026-03-31,2026-03-06T03:00:00+00:00,2026-03-06T04:00:00+00:00,AmazonBedrock,InputTokens,InvokeModel,62.16,0.7,1K-Tokens,us-gov-west-1,bedrock-00041,0000000001,synthetic-payer,AmazonBedrock,us-gov-west-1,62.16,0.7,synthetic,baseline_operations,none,low,none,Continue monitoring synthetic cost baselines,Baseline synthetic operations remained within expected spend bounds
2026-03-01,2026-03-31,2026-03-06T06:00:00+00:00,2026-03-06T07:00:00+00:00,AmazonEC2,BoxUsage:m6i.2xlarge,RunInstances,66.77,36.79,Hrs,us-gov-west-1,ec2-00042,0000000002,synthetic-payer,AmazonEC2,us-gov-east-1,66.77,36.79,synthetic,baseline_operations,none,low,none,Continue monitoring synthetic cost baselines,Baseline synthetic operations remained within expected spend bounds
2026-03-01,2026-03-31,2026-03-06T09:00:00+00:00,2026-03-06T10:00:00+00:00,AmazonRedshift,NodeUsage:ra3.xlplus,CreateCluster,35.18,151.25,Hrs,us-gov-west-1,redshift-00043,0000000003,synthetic-payer,AmazonRedshift,us-gov-west-1,35.18,151.25,synthetic,baseline_operations,none,low,none,Continue monitoring synthetic cost baselines,Baseline synthetic operations remained within expected spend bounds
2026-03-01,2026-03-31,2026-03-06T12:00:00+00:00,2026-03-06T13:00:00+00:00,AmazonRedshift,NodeUsage:ra3.xlplus,CreateCluster,1.15,2.93,Hrs,us-gov-east-1,redshift-00044,0000000004,synthetic-payer,AmazonRedshift,us-gov-east-1,1.15,2.93,synthetic,baseline_operations,none,low,none,Continue monitoring synthetic cost baselines,Baseline synthetic operations remained within expected spend bounds
2026-03-01,2026-03-31,2026-03-06T15:00:00+00:00,2026-03-06T16:00:00+00:00,AmazonEMR,EMR-InstanceUsage,RunJobFlow,62.24,2556.19,Hrs,us-gov-east-1,emr-00045,0000000005,synthetic-payer,AmazonEMR,us-gov-west-1,62.24,2556.19,synthetic,cluster_left_running,missed_shutdown_hook,high,missed shutdown automation,Bedrock flow scheduled cluster teardown check,EMR waste due to automation gap caused 62 excess compute hours
2026-03-01,2026-03-31,2026-03-06T18:00:00+00:00,2026-03-06T19:00:00+00:00,AWSGlue,Glue-ETL-DPU-Hour,StartJobRun,53.24,20.58,DPU-Hr,us-gov-east-1,glue-00046,0000000006,synthetic-payer,AWSGlue,us-gov-west-1,53.24,20.58,synthetic,baseline_operations,none,low,none,Continue monitoring synthetic cost baselines,Baseline synthetic operations remained within expected spend bounds
2026-03-01,2026-03-31,2026-03-06T21:00:00+00:00,2026-03-06T22:00:00+00:00,AmazonEC2,BoxUsage:m6i.2xlarge,RunInstances,42.48,17.68,Hrs,us-gov-west-1,ec2-00047,0000000007,synthetic-payer,AmazonEC2,us-gov-west-1,42.48,17.68,synthetic,baseline_operations,none,low,none,Continue monitoring synthetic cost baselines,Baseline synthetic operations remained within expected spend bounds
2026-03-01,2026-03-31,2026-03-07T00:00:00+00:00,2026-03-07T01:00:00+00:00,AWSGlue,Glue-ETL-DPU-Hour,StartJobRun,6.69,3.09,DPU-Hr,us-gov-west-1,glue-00048,0000000008,synthetic-payer,AWSGlue,us-gov-west-1,6.69,3.09,synthetic,baseline_operations,none,low,none,Continue monitoring synthetic cost baselines,Baseline synthetic operations remained within expected spend bounds
2026-03-01,2026-03-31,2026-03-07T03:00:00+00:00,2026-03-07T04:00:00+00:00,AmazonRedshift,NodeUsage:ra3.xlplus,CreateCluster,9.51,41.79,Hrs,us-gov-west-1,redshift-00049,0000000009,synthetic-payer,AmazonRedshift,us-gov-west-1,9.51,41.79,synthetic,baseline_operations,none,low,none,Continue monitoring synthetic cost baselines,Baseline synthetic operations remained within expected spend bounds
2026-03-01,2026-03-31,2026-03-07T06:00:00+00:00,2026-03-07T07:00:00+00:00,AWSGlue,Glue-ETL-DPU-Hour,StartJobRun,6.82,5.08,DPU-Hr,us-gov-east-1,glue-00050,0000000000,synthetic-payer,AWSGlue,us-gov-east-1,6.82,5.08,synthetic,baseline_operations,none,low,none,Continue monitoring synthetic cost baselines,Baseline synthetic operations remained within expected spend bounds
2026-03-01,2026-03-31,2026-03-07T09:00:00+00:00,2026-03-07T10:00:00+00:00,AmazonS3,TimedStorage-ByteHrs,StandardStorage,48.55,1.43,GB-Mo,us-gov-east-1,s3-00051,0000000001,synthetic-payer,AmazonS3,us-gov-east-1,48.55,1.43,synthetic,baseline_operations,none,low,none,Continue monitoring synthetic cost baselines,Baseline synthetic operations remained within expected spend bounds
2026-03-01,2026-03-31,2026-03-07T12:00:00+00:00,2026-03-07T13:00:00+00:00,AmazonS3,TimedStorage-ByteHrs,StandardStorage,48.69,1.41,GB-Mo,us-gov-east-1,s3-00052,0000000002,synthetic-payer,AmazonS3,us-gov-west-1,48.69,1.41,synthetic,baseline_operations,none,low,none,Continue monitoring synthetic cost baselines,Baseline synthetic operations remained within expected spend bounds
2026-03-01,2026-03-31,2026-03-07T15:00:00+00:00,2026-03-07T16:00:00+00:00,AmazonEC2,BoxUsage:m6i.2xlarge,RunInstances,33.54,20.44,Hrs,us-gov-west-1,ec2-00053,0000000003,synthetic-payer,AmazonEC2,us-gov-west-1,33.54,20.44,synthetic,baseline_operations,none,low,none,Continue monitoring synthetic cost baselines,Baseline synthetic operations remained within expected spend bounds
2026-03-01,2026-03-31,2026-03-07T18:00:00+00:00,2026-03-07T19:00:00+00:00,AmazonEMR,EMR-InstanceUsage,RunJobFlow,65.74,1420.85,Hrs,us-gov-east-1,emr-00054,0000000004,synthetic-payer,AmazonEMR,us-gov-west-1,65.74,1420.85,synthetic,cluster_left_running,missed_shutdown_hook,high,missed shutdown automation,Bedrock flow scheduled cluster teardown check,EMR waste due to automation gap caused 66 excess compute hours
2026-03-01,2026-03-31,2026-03-07T21:00:00+00:00,2026-03-07T22:00:00+00:00,AmazonBedrock,InputTokens,InvokeModel,39.57,0.3,1K-Tokens,us-gov-west-1,bedrock-00055,0000000005,synthetic-payer,AmazonBedrock,us-gov-east-1,39.57,0.3,synthetic,baseline_operations,none,low,none,Continue monitoring synthetic cost baselines,Baseline synthetic operations remained within expected spend bounds
2026-03-01,2026-03-31,2026-03-08T00:00:00+00:00,2026-03-08T01:00:00+00:00,AWSLambda,Lambda-GB-Second,Invoke,8.35,0.0,GB-Second,us-gov-east-1,lambda-00056,0000000006,synthetic-payer,AWSLambda,us-gov-west-1,8.35,0.0,synthetic,baseline_operations,none,low,none,Continue monitoring synthetic cost baselines,Baseline synthetic operations remained within expected spend bounds
2026-03-01,2026-03-31,2026-03-08T03:00:00+00:00,2026-03-08T04:00:00+00:00,AmazonEC2,BoxUsage:m6i.2xlarge,RunInstances,53.71,15.07,Hrs,us-gov-east-1,ec2-00057,0000000007,synthetic-payer,AmazonEC2,us-gov-west-1,53.71,15.07,synthetic,baseline_operations,none,low,none,Continue monitoring synthetic cost baselines,Baseline synthetic operations remained within expected spend bounds
2026-03-01,2026-03-31,2026-03-08T06:00:00+00:00,2026-03-08T07:00:00+00:00,AWSLambda,Lambda-GB-Second,Invoke,25.34,0.0,GB-Second,us-gov-east-1,lambda-00058,0000000008,synthetic-payer,AWSLambda,us-gov-east-1,25.34,0.0,synthetic,baseline_operations,none,low,none,Continue monitoring synthetic cost baselines,Baseline synthetic operations remained within expected spend bounds
2026-03-01,2026-03-31,2026-03-08T09:00:00+00:00,2026-03-08T10:00:00+00:00,AmazonEMR,EMR-InstanceUsage,RunJobFlow,65.28,1687.19,Hrs,us-gov-west-1,emr-00059,0000000009,synthetic-payer,AmazonEMR,us-gov-east-1,65.28,1687.19,synthetic,baseline_operations,none,low,none,Continue monitoring synthetic cost baselines,Baseline synthetic operations remained within expected spend bounds
2026-03-01,2026-03-31,2026-03-08T12:00:00+00:00,2026-03-08T13:00:00+00:00,AmazonBedrock,InputTokens,InvokeModel,20.64,0.06,1K-Tokens,us-gov-west-1,bedrock-00060,0000000000,synthetic-payer,AmazonBedrock,us-gov-east-1,20.64,0.06,synthetic,baseline_operations,none,low,none,Continue monitoring synthetic cost baselines,Baseline synthetic operations remained within expected spend bounds
2026-03-01,2026-03-31,2026-03-08T15:00:00+00:00,2026-03-08T16:00:00+00:00,AmazonS3,TimedStorage-ByteHrs,StandardStorage,53.63,1.96,GB-Mo,us-gov-east-1,s3-00061,0000000001,synthetic-payer,AmazonS3,us-gov-west-1,53.63,1.96,synthetic,baseline_operations,none,low,none,Continue monitoring synthetic cost baselines,Baseline synthetic operations remained within expected spend bounds
2026-03-01,2026-03-31,2026-03-08T18:00:00+00:00,2026-03-08T19:00:00+00:00,AmazonEC2,BoxUsage:m6i.2xlarge,RunInstances,6.34,3.58,Hrs,us-gov-west-1,ec2-00062,0000000002,synthetic-payer,AmazonEC2,us-gov-west-1,6.34,3.58,synthetic,baseline_operations,none,low,none,Continue monitoring synthetic cost baselines,Baseline synthetic operations remained within expected spend bounds
2026-03-01,2026-03-31,2026-03-08T21:00:00+00:00,2026-03-08T22:00:00+00:00,AmazonEMR,EMR-InstanceUsage,RunJobFlow,62.8,2458.57,Hrs,us-gov-east-1,emr-00063,0000000003,synthetic-payer,AmazonEMR,us-gov-west-1,62.8,2458.57,synthetic,cluster_left_running,missed_shutdown_hook,high,missed shutdown automation,Bedrock flow scheduled cluster teardown check,EMR waste due to automation gap caused 63 excess compute hours
2026-03-01,2026-03-31,2026-03-09T00:00:00+00:00,2026-03-09T01:00:00+00:00,AmazonBedrock,InputTokens,InvokeModel,70.03,0.25,1K-Tokens,us-gov-east-1,bedrock-00064,0000000004,synthetic-payer,AmazonBedrock,us-gov-west-1,70.03,0.25,synthetic,baseline_operations,none,low,none,Continue monitoring synthetic cost baselines,Baseline synthetic operations remained within expected spend bounds
2026-03-01,2026-03-31,2026-03-09T03:00:00+00:00,2026-03-09T04:00:00+00:00,AWSLambda,Lambda-GB-Second,Invoke,18.72,0.0,GB-Second,us-gov-east-1,lambda-00065,0000000005,synthetic-payer,AWSLambda,us-gov-west-1,18.72,0.0,synthetic,baseline_operations,none,low,none,Continue monitoring synthetic cost baselines,Baseline synthetic operations remained within expected spend bounds
2026-03-01,2026-03-31,2026-03-09T06:00:00+00:00,2026-03-09T07:00:00+00:00,AmazonS3,TimedStorage-ByteHrs,StandardStorage,62.39,3.07,GB-Mo,us-gov-west-1,s3-00066,0000000006,synthetic-payer,AmazonS3,us-gov-east-1,62.39,3.07,synthetic,baseline_operations,none,low,none,Continue monitoring synthetic cost baselines,Baseline synthetic operations remained within expected spend bounds
2026-03-01,2026-03-31,2026-03-09T09:00:00+00:00,2026-03-09T10:00:00+00:00,AmazonEC2,BoxUsage:m6i.2xlarge,RunInstances,13.73,7.97,Hrs,us-gov-east-1,ec2-00067,0000000007,synthetic-payer,AmazonEC2,us-gov-west-1,13.73,7.97,synthetic,baseline_operations,none,low,none,Continue monitoring synthetic cost baselines,Baseline synthetic operations remained within expected spend bounds
2026-03-01,2026-03-31,2026-03-09T12:00:00+00:00,2026-03-09T13:00:00+00:00,AmazonEMR,EMR-InstanceUsage,RunJobFlow,12.3,292.96,Hrs,us-gov-east-1,emr-00068,0000000008,synthetic-payer,AmazonEMR,us-gov-west-1,12.3,292.96,synthetic,baseline_operations,none,low,none,Continue monitoring synthetic cost baselines,Baseline synthetic operations remained within expected spend bounds
2026-03-01,2026-03-31,2026-03-09T15:00:00+00:00,2026-03-09T16:00:00+00:00,AmazonBedrock,InputTokens,InvokeModel,34.42,0.21,1K-Tokens,us-gov-east-1,bedrock-00069,0000000009,synthetic-payer,AmazonBedrock,us-gov-east-1,34.42,0.21,synthetic,baseline_operations,none,low,none,Continue monitoring synthetic cost baselines,Baseline synthetic operations remained within expected spend bounds
2026-03-01,2026-03-31,2026-03-09T18:00:00+00:00,2026-03-09T19:00:00+00:00,AmazonEMR,EMR-InstanceUsage,RunJobFlow,59.26,1552.52,Hrs,us-gov-west-1,emr-00070,0000000000,synthetic-payer,AmazonEMR,us-gov-west-1,59.26,1552.52,synthetic,baseline_operations,none,low,none,Continue monitoring synthetic cost baselines,Baseline synthetic operations remained within expected spend bounds
2026-03-01,2026-03-31,2026-03-09T21:00:00+00:00,2026-03-09T22:00:00+00:00,AWSLambda,Lambda-GB-Second,Invoke,14.71,0.0,GB-Second,us-gov-west-1,lambda-00071,0000000001,synthetic-payer,AWSLambda,us-gov-east-1,14.71,0.0,synthetic,baseline_operations,none,low,none,Continue monitoring synthetic cost baselines,Baseline synthetic operations remained within expected spend bounds
2026-03-01,2026-03-31,2026-03-10T00:00:00+00:00,2026-03-10T01:00:00+00:00,AmazonEMR,EMR-InstanceUsage,RunJobFlow,90.1,1565.7,Hrs,us-gov-east-1,emr-00072,0000000002,synthetic-payer,AmazonEMR,us-gov-west-1,90.1,1565.7,synthetic,cluster_left_running,missed_shutdown_hook,high,missed shutdown automation,Bedrock flow scheduled cluster teardown check,EMR waste due to automation gap caused 90 excess compute hours
2026-03-01,2026-03-31,2026-03-10T03:00:00+00:00,2026-03-10T04:00:00+00:00,AWSGlue,Glue-ETL-DPU-Hour,StartJobRun,69.34,35.31,DPU-Hr,us-gov-west-1,glue-00073,0000000003,synthetic-payer,AWSGlue,us-gov-east-1,69.34,35.31,synthetic,baseline_operations,none,low,none,Continue monitoring synthetic cost baselines,Baseline synthetic operations remained within expected spend bounds
2026-03-01,2026-03-31,2026-03-10T06:00:00+00:00,2026-03-10T07:00:00+00:00,AmazonEMR,EMR-InstanceUsage,RunJobFlow,52.73,969.78,Hrs,us-gov-west-1,emr-00074,0000000004,synthetic-payer,AmazonEMR,us-gov-east-1,52.73,969.78,synthetic,baseline_operations,none,low,none,Continue monitoring synthetic cost baselines,Baseline synthetic operations remained within expected spend bounds
2026-03-01,2026-03-31,2026-03-10T09:00:00+00:00,2026-03-10T10:00:00+00:00,AWSGlue,Glue-ETL-DPU-Hour,StartJobRun,14.5,5.46,DPU-Hr,us-gov-east-1,glue-00075,0000000005,synthetic-payer,AWSGlue,us-gov-west-1,14.5,5.46,synthetic,baseline_operations,none,low,none,Continue monitoring synthetic cost baselines,Baseline synthetic operations remained within expected spend bounds
2026-03-01,2026-03-31,2026-03-10T12:00:00+00:00,2026-03-10T13:00:00+00:00,AWSGlue,Glue-ETL-DPU-Hour,StartJobRun,66.72,44.91,DPU-Hr,us-gov-west-1,glue-00076,0000000006,synthetic-payer,AWSGlue,us-gov-east-1,66.72,44.91,synthetic,baseline_operations,none,low,none,Continue monitoring synthetic cost baselines,Baseline synthetic operations remained within expected spend bounds
2026-03-01,2026-03-31,2026-03-10T15:00:00+00:00,2026-03-10T16:00:00+00:00,AmazonRedshift,NodeUsage:ra3.xlplus,CreateCluster,5.97,21.24,Hrs,us-gov-east-1,redshift-00077,0000000007,synthetic-payer,AmazonRedshift,us-gov-east-1,5.97,21.24,synthetic,baseline_operations,none,low,none,Continue monitoring synthetic cost baselines,Baseline synthetic operations remained within expected spend bounds
2026-03-01,2026-03-31,2026-03-10T18:00:00+00:00,2026-03-10T19:00:00+00:00,AWSLambda,Lambda-GB-Second,Invoke,61.21,0.0,GB-Second,us-gov-east-1,lambda-00078,0000000008,synthetic-payer,AWSLambda,us-gov-east-1,61.21,0.0,synthetic,baseline_operations,none,low,none,Continue monitoring synthetic cost baselines,Baseline synthetic operations remained within expected spend bounds
2026-03-01,2026-03-31,2026-03-10T21:00:00+00:00,2026-03-10T22:00:00+00:00,AWSLambda,Lambda-GB-Second,Invoke,30.0,0.0,GB-Second,us-gov-east-1,lambda-00079,0000000009,synthetic-payer,AWSLambda,us-gov-west-1,30.0,0.0,synthetic,baseline_operations,none,low,none,Continue monitoring synthetic cost baselines,Baseline synthetic operations remained within expected spend bounds
2026-03-01,2026-03-31,2026-03-11T00:00:00+00:00,2026-03-11T01:00:00+00:00,AmazonS3,TimedStorage-ByteHrs,StandardStorage,30.85,1.49,GB-Mo,us-gov-west-1,s3-00080,0000000000,synthetic-payer,AmazonS3,us-gov-east-1,30.85,1.49,synthetic,baseline_operations,none,low,none,Continue monitoring synthetic cost baselines,Baseline synthetic operations remained within expected spend bounds
2026-03-01,2026-03-31,2026-03-11T03:00:00+00:00,2026-03-11T04:00:00+00:00,AmazonRedshift,NodeUsage:ra3.xlplus,CreateCluster,46.29,1427.99,Hrs,us-gov-east-1,redshift-00081,0000000001,synthetic-payer,AmazonRedshift,us-gov-west-1,46.29,1427.99,synthetic,redshift_scan_spike,inefficient_scan_pattern,high,unbounded analytical scan pattern,Bedrock flow query guardrail review,Redshift scan surge increased warehouse cost through repeated full-table access
2026-03-01,2026-03-31,2026-03-11T06:00:00+00:00,2026-03-11T07:00:00+00:00,AmazonEMR,EMR-InstanceUsage,RunJobFlow,34.01,686.67,Hrs,us-gov-west-1,emr-00082,0000000002,synthetic-payer,AmazonEMR,us-gov-east-1,34.01,686.67,synthetic,baseline_operations,none,low,none,Continue monitoring synthetic cost baselines,Baseline synthetic operations remained within expected spend bounds
2026-03-01,2026-03-31,2026-03-11T09:00:00+00:00,2026-03-11T10:00:00+00:00,AmazonBedrock,InputTokens,InvokeModel,64.98,0.97,1K-Tokens,us-gov-west-1,bedrock-00083,0000000003,synthetic-payer,AmazonBedrock,us-gov-west-1,64.98,0.97,synthetic,baseline_operations,none,low,none,Continue monitoring synthetic cost baselines,Baseline synthetic operations remained within expected spend bounds
2026-03-01,2026-03-31,2026-03-11T12:00:00+00:00,2026-03-11T13:00:00+00:00,AmazonEMR,EMR-InstanceUsage,RunJobFlow,37.6,859.58,Hrs,us-gov-east-1,emr-00084,0000000004,synthetic-payer,AmazonEMR,us-gov-west-1,37.6,859.58,synthetic,baseline_operations,none,low,none,Continue monitoring synthetic cost baselines,Baseline synthetic operations remained within expected spend bounds
2026-03-01,2026-03-31,2026-03-11T15:00:00+00:00,2026-03-11T16:00:00+00:00,AmazonBedrock,InputTokens,InvokeModel,68.59,0.45,1K-Tokens,us-gov-east-1,bedrock-00085,0000000005,synthetic-payer,AmazonBedrock,us-gov-west-1,68.59,0.45,synthetic,baseline_operations,none,low,none,Continue monitoring synthetic cost baselines,Baseline synthetic operations remained within expected spend bounds
2026-03-01,2026-03-31,2026-03-11T18:00:00+00:00,2026-03-11T19:00:00+00:00,AmazonBedrock,InputTokens,InvokeModel,15.14,0.05,1K-Tokens,us-gov-west-1,bedrock-00086,0000000006,synthetic-payer,AmazonBedrock,us-gov-east-1,15.14,0.05,synthetic,baseline_operations,none,low,none,Continue monitoring synthetic cost baselines,Baseline synthetic operations remained within expected spend bounds
2026-03-01,2026-03-31,2026-03-11T21:00:00+00:00,2026-03-11T22:00:00+00:00,AWSGlue,Glue-ETL-DPU-Hour,StartJobRun,61.33,24.15,DPU-Hr,us-gov-east-1,glue-00087,0000000007,synthetic-payer,AWSGlue,us-gov-west-1,61.33,24.15,synthetic,baseline_operations,none,low,none,Continue monitoring synthetic cost baselines,Baseline synthetic operations remained within expected spend bounds
2026-03-01,2026-03-31,2026-03-12T00:00:00+00:00,2026-03-12T01:00:00+00:00,AWSLambda,Lambda-GB-Second,Invoke,50.44,0.0,GB-Second,us-gov-west-1,lambda-00088,0000000008,synthetic-payer,AWSLambda,us-gov-west-1,50.44,0.0,synthetic,baseline_operations,none,low,none,Continue monitoring synthetic cost baselines,Baseline synthetic operations remained within expected spend bounds
2026-03-01,2026-03-31,2026-03-12T03:00:00+00:00,2026-03-12T04:00:00+00:00,AWSLambda,Lambda-GB-Second,Invoke,49.82,0.0,GB-Second,us-gov-west-1,lambda-00089,0000000009,synthetic-payer,AWSLambda,us-gov-east-1,49.82,0.0,synthetic,baseline_operations,none,low,none,Continue monitoring synthetic cost baselines,Baseline synthetic operations remained within expected spend bounds
2026-03-01,2026-03-31,2026-03-12T06:00:00+00:00,2026-03-12T07:00:00+00:00,AmazonEC2,BoxUsage:m6i.2xlarge,RunInstances,149.9,692.04,Hrs,us-gov-east-1,ec2-00090,0000000000,synthetic-payer,AmazonEC2,us-gov-west-1,149.9,692.04,synthetic,orphan_ebs_leakage,orphaned_storage_cleanup_gap,medium,orphaned block storage,Bedrock flow orphaned resource sweep,Detached storage continued accruing cost after instance retirement
2026-03-01,2026-03-31,2026-03-12T09:00:00+00:00,2026-03-12T10:00:00+00:00,AmazonRedshift,NodeUsage:ra3.xlplus,CreateCluster,10.47,29.52,Hrs,us-gov-east-1,redshift-00091,0000000001,synthetic-payer,AmazonRedshift,us-gov-east-1,10.47,29.52,synthetic,baseline_operations,none,low,none,Continue monitoring synthetic cost baselines,Baseline synthetic operations remained within expected spend bounds
2026-03-01,2026-03-31,2026-03-12T12:00:00+00:00,2026-03-12T13:00:00+00:00,AWSGlue,Glue-ETL-DPU-Hour,StartJobRun,58.87,52.11,DPU-Hr,us-gov-east-1,glue-00092,0000000002,synthetic-payer,AWSGlue,us-gov-east-1,58.87,52.11,synthetic,baseline_operations,none,low,none,Continue monitoring synthetic cost baselines,Baseline synthetic operations remained within expected spend bounds
2026-03-01,2026-03-31,2026-03-12T15:00:00+00:00,2026-03-12T16:00:00+00:00,AmazonS3,TimedStorage-ByteHrs,StandardStorage,53.8,1.84,GB-Mo,us-gov-east-1,s3-00093,0000000003,synthetic-payer,AmazonS3,us-gov-west-1,53.8,1.84,synthetic,baseline_operations,none,low,none,Continue monitoring synthetic cost baselines,Baseline synthetic operations remained within expected spend bounds
2026-03-01,2026-03-31,2026-03-12T18:00:00+00:00,2026-03-12T19:00:00+00:00,AmazonBedrock,InputTokens,InvokeModel,46.27,0.67,1K-Tokens,us-gov-east-1,bedrock-00094,0000000004,synthetic-payer,AmazonBedrock,us-gov-west-1,46.27,0.67,synthetic,baseline_operations,none,low,none,Continue monitoring synthetic cost baselines,Baseline synthetic operations remained within expected spend bounds
2026-03-01,2026-03-31,2026-03-12T21:00:00+00:00,2026-03-12T22:00:00+00:00,AmazonEMR,EMR-InstanceUsage,RunJobFlow,32.23,773.19,Hrs,us-gov-west-1,emr-00095,0000000005,synthetic-payer,AmazonEMR,us-gov-east-1,32.23,773.19,synthetic,baseline_operations,none,low,none,Continue monitoring synthetic cost baselines,Baseline synthetic operations remained within expected spend bounds
2026-03-01,2026-03-31,2026-03-13T00:00:00+00:00,2026-03-13T01:00:00+00:00,AmazonEMR,EMR-InstanceUsage,RunJobFlow,23.7,511.02,Hrs,us-gov-west-1,emr-00096,0000000006,synthetic-payer,AmazonEMR,us-gov-west-1,23.7,511.02,synthetic,baseline_operations,none,low,none,Continue monitoring synthetic cost baselines,Baseline synthetic operations remained within expected spend bounds
2026-03-01,2026-03-31,2026-03-13T03:00:00+00:00,2026-03-13T04:00:00+00:00,AmazonS3,TimedStorage-ByteHrs,StandardStorage,28.2,0.69,GB-Mo,us-gov-west-1,s3-00097,0000000007,synthetic-payer,AmazonS3,us-gov-west-1,28.2,0.69,synthetic,baseline_operations,none,low,none,Continue monitoring synthetic cost baselines,Baseline synthetic operations remained within expected spend bounds
2026-03-01,2026-03-31,2026-03-13T06:00:00+00:00,2026-03-13T07:00:00+00:00,AmazonRedshift,NodeUsage:ra3.xlplus,CreateCluster,29.94,93.04,Hrs,us-gov-east-1,redshift-00098,0000000008,synthetic-payer,AmazonRedshift,us-gov-west-1,29.94,93.04,synthetic,baseline_operations,none,low,none,Continue monitoring synthetic cost baselines,Baseline synthetic operations remained within expected spend bounds
2026-03-01,2026-03-31,2026-03-13T09:00:00+00:00,2026-03-13T10:00:00+00:00,AmazonRedshift,NodeUsage:ra3.xlplus,CreateCluster,18.21,1122.11,Hrs,us-gov-west-1,redshift-00099,0000000009,synthetic-payer,AmazonRedshift,us-gov-east-1,18.21,1122.11,synthetic,redshift_scan_spike,inefficient_scan_pattern,high,unbounded analytical scan pattern,Bedrock flow query guardrail review,Redshift scan surge increased warehouse cost through repeated full-table access
2026-03-01,2026-03-31,2026-03-13T12:00:00+00:00,2026-03-13T13:00:00+00:00,AmazonBedrock,InputTokens,InvokeModel,28.69,0.47,1K-Tokens,us-gov-east-1,bedrock-00100,0000000000,synthetic-payer,AmazonBedrock,us-gov-west-1,28.69,0.47,synthetic,baseline_operations,none,low,none,Continue monitoring synthetic cost baselines,Baseline synthetic operations remained within expected spend bounds
2026-03-01,2026-03-31,2026-03-13T15:00:00+00:00,2026-03-13T16:00:00+00:00,AmazonRedshift,NodeUsage:ra3.xlplus,CreateCluster,16.58,44.97,Hrs,us-gov-west-1,redshift-00101,0000000001,synthetic-payer,AmazonRedshift,us-gov-east-1,16.58,44.97,synthetic,baseline_operations,none,low,none,Continue monitoring synthetic cost baselines,Baseline synthetic operations remained within expected spend bounds
2026-03-01,2026-03-31,2026-03-13T18:00:00+00:00,2026-03-13T19:00:00+00:00,AmazonEMR,EMR-InstanceUsage,RunJobFlow,48.49,1220.69,Hrs,us-gov-west-1,emr-00102,0000000002,synthetic-payer,AmazonEMR,us-gov-east-1,48.49,1220.69,synthetic,baseline_operations,none,low,none,Continue monitoring synthetic cost baselines,Baseline synthetic operations remained within expected spend bounds
2026-03-01,2026-03-31,2026-03-13T21:00:00+00:00,2026-03-13T22:00:00+00:00,AmazonS3,TimedStorage-ByteHrs,StandardStorage,70.63,2.54,GB-Mo,us-gov-east-1,s3-00103,0000000003,synthetic-payer,AmazonS3,us-gov-west-1,70.63,2.54,synthetic,baseline_operations,none,low,none,Continue monitoring synthetic cost baselines,Baseline synthetic operations remained within expected spend bounds
2026-03-01,2026-03-31,2026-03-14T00:00:00+00:00,2026-03-14T01:00:00+00:00,AmazonEC2,BoxUsage:m6i.2xlarge,RunInstances,46.64,12.73,Hrs,us-gov-east-1,ec2-00104,0000000004,synthetic-payer,AmazonEC2,us-gov-west-1,46.64,12.73,synthetic,baseline_operations,none,low,none,Continue monitoring synthetic cost baselines,Baseline synthetic operations remained within expected spend bounds
2026-03-01,2026-03-31,2026-03-14T03:00:00+00:00,2026-03-14T04:00:00+00:00,AmazonEC2,BoxUsage:m6i.2xlarge,RunInstances,19.47,6.77,Hrs,us-gov-east-1,ec2-00105,0000000005,synthetic-payer,AmazonEC2,us-gov-east-1,19.47,6.77,synthetic,baseline_operations,none,low,none,Continue monitoring synthetic cost baselines,Baseline synthetic operations remained within expected spend bounds
2026-03-01,2026-03-31,2026-03-14T06:00:00+00:00,2026-03-14T07:00:00+00:00,AmazonEMR,EMR-InstanceUsage,RunJobFlow,55.05,1062.89,Hrs,us-gov-east-1,emr-00106,0000000006,synthetic-payer,AmazonEMR,us-gov-east-1,55.05,1062.89,synthetic,baseline_operations,none,low,none,Continue monitoring synthetic cost baselines,Baseline synthetic operations remained within expected spend bounds
2026-03-01,2026-03-31,2026-03-14T09:00:00+00:00,2026-03-14T10:00:00+00:00,AmazonBedrock,InputTokens,InvokeModel,6.82,0.02,1K-Tokens,us-gov-west-1,bedrock-00107,0000000007,synthetic-payer,AmazonBedrock,us-gov-east-1,6.82,0.02,synthetic,baseline_operations,none,low,none,Continue monitoring synthetic cost baselines,Baseline synthetic operations remained within expected spend bounds
2026-03-01,2026-03-31,2026-03-14T12:00:00+00:00,2026-03-14T13:00:00+00:00,AmazonEMR,EMR-InstanceUsage,RunJobFlow,57.57,1228.53,Hrs,us-gov-west-1,emr-00108,0000000008,synthetic-payer,AmazonEMR,us-gov-west-1,57.57,1228.53,synthetic,cluster_left_running,missed_shutdown_hook,high,missed shutdown automation,Bedrock flow scheduled cluster teardown check,EMR waste due to automation gap caused 58 excess compute hours
2026-03-01,2026-03-31,2026-03-14T15:00:00+00:00,2026-03-14T16:00:00+00:00,AmazonS3,TimedStorage-ByteHrs,StandardStorage,17.94,0.61,GB-Mo,us-gov-west-1,s3-00109,0000000009,synthetic-payer,AmazonS3,us-gov-west-1,17.94,0.61,synthetic,baseline_operations,none,low,none,Continue monitoring synthetic cost baselines,Baseline synthetic operations remained within expected spend bounds
2026-03-01,2026-03-31,2026-03-14T18:00:00+00:00,2026-03-14T19:00:00+00:00,AmazonRedshift,NodeUsage:ra3.xlplus,CreateCluster,50.66,199.47,Hrs,us-gov-west-1,redshift-00110,0000000000,synthetic-payer,AmazonRedshift,us-gov-west-1,50.66,199.47,synthetic,baseline_operations,none,low,none,Continue monitoring synthetic cost baselines,Baseline synthetic operations remained within expected spend bounds
2026-03-01,2026-03-31,2026-03-14T21:00:00+00:00,2026-03-14T22:00:00+00:00,AmazonBedrock,InputTokens,InvokeModel,59.17,1.03,1K-Tokens,us-gov-west-1,bedrock-00111,0000000001,synthetic-payer,AmazonBedrock,us-gov-west-1,59.17,1.03,synthetic,baseline_operations,none,low,none,Continue monitoring synthetic cost baselines,Baseline synthetic operations remained within expected spend bounds
2026-03-01,2026-03-31,2026-03-15T00:00:00+00:00,2026-03-15T01:00:00+00:00,AmazonEMR,EMR-InstanceUsage,RunJobFlow,41.88,1118.71,Hrs,us-gov-east-1,emr-00112,0000000002,synthetic-payer,AmazonEMR,us-gov-east-1,41.88,1118.71,synthetic,baseline_operations,none,low,none,Continue monitoring synthetic cost baselines,Baseline synthetic operations remained within expected spend bounds
2026-03-01,2026-03-31,2026-03-15T03:00:00+00:00,2026-03-15T04:00:00+00:00,AWSLambda,Lambda-GB-Second,Invoke,15.08,0.0,GB-Second,us-gov-west-1,lambda-00113,0000000003,synthetic-payer,AWSLambda,us-gov-west-1,15.08,0.0,synthetic,baseline_operations,none,low,none,Continue monitoring synthetic cost baselines,Baseline synthetic operations remained within expected spend bounds
2026-03-01,2026-03-31,2026-03-15T06:00:00+00:00,2026-03-15T07:00:00+00:00,AWSLambda,Lambda-GB-Second,Invoke,55.85,0.0,GB-Second,us-gov-west-1,lambda-00114,0000000004,synthetic-payer,AWSLambda,us-gov-west-1,55.85,0.0,synthetic,baseline_operations,none,low,none,Continue monitoring synthetic cost baselines,Baseline synthetic operations remained within expected spend bounds
2026-03-01,2026-03-31,2026-03-15T09:00:00+00:00,2026-03-15T10:00:00+00:00,AmazonEMR,EMR-InstanceUsage,RunJobFlow,38.82,903.0,Hrs,us-gov-west-1,emr-00115,0000000005,synthetic-payer,AmazonEMR,us-gov-east-1,38.82,903.0,synthetic,baseline_operations,none,low,none,Continue monitoring synthetic cost baselines,Baseline synthetic operations remained within expected spend bounds
2026-03-01,2026-03-31,2026-03-15T12:00:00+00:00,2026-03-15T13:00:00+00:00,AmazonEC2,BoxUsage:m6i.2xlarge,RunInstances,61.32,33.16,Hrs,us-gov-west-1,ec2-00116,0000000006,synthetic-payer,AmazonEC2,us-gov-east-1,61.32,33.16,synthetic,baseline_operations,none,low,none,Continue monitoring synthetic cost baselines,Baseline synthetic operations remained within expected spend bounds
2026-03-01,2026-03-31,2026-03-15T15:00:00+00:00,2026-03-15T16:00:00+00:00,AmazonEMR,EMR-InstanceUsage,RunJobFlow,83.22,2551.66,Hrs,us-gov-west-1,emr-00117,0000000007,synthetic-payer,AmazonEMR,us-gov-east-1,83.22,2551.66,synthetic,cluster_left_running,missed_shutdown_hook,high,missed shutdown automation,Bedrock flow scheduled cluster teardown check,EMR waste due to automation gap caused 83 excess compute hours
2026-03-01,2026-03-31,2026-03-15T18:00:00+00:00,2026-03-15T19:00:00+00:00,AmazonEMR,EMR-InstanceUsage,RunJobFlow,44.73,1202.1,Hrs,us-gov-east-1,emr-00118,0000000008,synthetic-payer,AmazonEMR,us-gov-east-1,44.73,1202.1,synthetic,baseline_operations,none,low,none,Continue monitoring synthetic cost baselines,Baseline synthetic operations remained within expected spend bounds
2026-03-01,2026-03-31,2026-03-15T21:00:00+00:00,2026-03-15T22:00:00+00:00,AmazonRedshift,NodeUsage:ra3.xlplus,CreateCluster,59.63,196.31,Hrs,us-gov-east-1,redshift-00119,0000000009,synthetic-payer,AmazonRedshift,us-gov-west-1,59.63,196.31,synthetic,baseline_operations,none,low,none,Continue monitoring synthetic cost baselines,Baseline synthetic operations remained within expected spend bounds
2026-03-01,2026-03-31,2026-03-16T00:00:00+00:00,2026-03-16T01:00:00+00:00,AmazonBedrock,InputTokens,InvokeModel,67.36,0.48,1K-Tokens,us-gov-east-1,bedrock-00120,0000000000,synthetic-payer,AmazonBedrock,us-gov-west-1,67.36,0.48,synthetic,baseline_operations,none,low,none,Continue monitoring synthetic cost baselines,Baseline synthetic operations remained within expected spend bounds
2026-03-01,2026-03-31,2026-03-16T03:00:00+00:00,2026-03-16T04:00:00+00:00,AmazonBedrock,InputTokens,InvokeModel,33.99,0.41,1K-Tokens,us-gov-east-1,bedrock-00121,0000000001,synthetic-payer,AmazonBedrock,us-gov-east-1,33.99,0.41,synthetic,baseline_operations,none,low,none,Continue monitoring synthetic cost baselines,Baseline synthetic operations remained within expected spend bounds
2026-03-01,2026-03-31,2026-03-16T06:00:00+00:00,2026-03-16T07:00:00+00:00,AmazonEC2,BoxUsage:m6i.2xlarge,RunInstances,36.1,12.52,Hrs,us-gov-east-1,ec2-00122,0000000002,synthetic-payer,AmazonEC2,us-gov-west-1,36.1,12.52,synthetic,baseline_operations,none,low,none,Continue monitoring synthetic cost baselines,Baseline synthetic operations remained within expected spend bounds
2026-03-01,2026-03-31,2026-03-16T09:00:00+00:00,2026-03-16T10:00:00+00:00,AmazonEMR,EMR-InstanceUsage,RunJobFlow,57.65,1081.79,Hrs,us-gov-east-1,emr-00123,0000000003,synthetic-payer,AmazonEMR,us-gov-west-1,57.65,1081.79,synthetic,baseline_operations,none,low,none,Continue monitoring synthetic cost baselines,Baseline synthetic operations remained within expected spend bounds
2026-03-01,2026-03-31,2026-03-16T12:00:00+00:00,2026-03-16T13:00:00+00:00,AWSGlue,Glue-ETL-DPU-Hour,StartJobRun,68.31,27.42,DPU-Hr,us-gov-east-1,glue-00124,0000000004,synthetic-payer,AWSGlue,us-gov-east-1,68.31,27.42,synthetic,baseline_operations,none,low,none,Continue monitoring synthetic cost baselines,Baseline synthetic operations remained within expected spend bounds
2026-03-01,2026-03-31,2026-03-16T15:00:00+00:00,2026-03-16T16:00:00+00:00,AWSGlue,Glue-ETL-DPU-Hour,StartJobRun,54.83,41.91,DPU-Hr,us-gov-east-1,glue-00125,0000000005,synthetic-payer,AWSGlue,us-gov-east-1,54.83,41.91,synthetic,baseline_operations,none,low,none,Continue monitoring synthetic cost baselines,Baseline synthetic operations remained within expected spend bounds
2026-03-01,2026-03-31,2026-03-16T18:00:00+00:00,2026-03-16T19:00:00+00:00,AmazonRedshift,NodeUsage:ra3.xlplus,CreateCluster,41.9,1142.82,Hrs,us-gov-east-1,redshift-00126,0000000006,synthetic-payer,AmazonRedshift,us-gov-west-1,41.9,1142.82,synthetic,redshift_scan_spike,inefficient_scan_pattern,high,unbounded analytical scan pattern,Bedrock flow query guardrail review,Redshift scan surge increased warehouse cost through repeated full-table access
2026-03-01,2026-03-31,2026-03-16T21:00:00+00:00,2026-03-16T22:00:00+00:00,AWSGlue,Glue-ETL-DPU-Hour,StartJobRun,38.7,23.43,DPU-Hr,us-gov-east-1,glue-00127,0000000007,synthetic-payer,AWSGlue,us-gov-east-1,38.7,23.43,synthetic,baseline_operations,none,low,none,Continue monitoring synthetic cost baselines,Baseline synthetic operations remained within expected spend bounds
2026-03-01,2026-03-31,2026-03-17T00:00:00+00:00,2026-03-17T01:00:00+00:00,AWSLambda,Lambda-GB-Second,Invoke,33.22,0.0,GB-Second,us-gov-west-1,lambda-00128,0000000008,synthetic-payer,AWSLambda,us-gov-west-1,33.22,0.0,synthetic,baseline_operations,none,low,none,Continue monitoring synthetic cost baselines,Baseline synthetic operations remained within expected spend bounds
2026-03-01,2026-03-31,2026-03-17T03:00:00+00:00,2026-03-17T04:00:00+00:00,AWSLambda,Lambda-GB-Second,Invoke,14.67,0.0,GB-Second,us-gov-west-1,lambda-00129,0000000009,synthetic-payer,AWSLambda,us-gov-west-1,14.67,0.0,synthetic,baseline_operations,none,low,none,Continue monitoring synthetic cost baselines,Baseline synthetic operations remained within expected spend bounds
2026-03-01,2026-03-31,2026-03-17T06:00:00+00:00,2026-03-17T07:00:00+00:00,AmazonS3,TimedStorage-ByteHrs,StandardStorage,53.44,1.51,GB-Mo,us-gov-east-1,s3-00130,0000000000,synthetic-payer,AmazonS3,us-gov-west-1,53.44,1.51,synthetic,baseline_operations,none,low,none,Continue monitoring synthetic cost baselines,Baseline synthetic operations remained within expected spend bounds
2026-03-01,2026-03-31,2026-03-17T09:00:00+00:00,2026-03-17T10:00:00+00:00,AmazonBedrock,InputTokens,InvokeModel,14.78,0.09,1K-Tokens,us-gov-west-1,bedrock-00131,0000000001,synthetic-payer,AmazonBedrock,us-gov-east-1,14.78,0.09,synthetic,baseline_operations,none,low,none,Continue monitoring synthetic cost baselines,Baseline synthetic operations remained within expected spend bounds
2026-03-01,2026-03-31,2026-03-17T12:00:00+00:00,2026-03-17T13:00:00+00:00,AmazonEC2,BoxUsage:m6i.2xlarge,RunInstances,51.27,13.81,Hrs,us-gov-west-1,ec2-00132,0000000002,synthetic-payer,AmazonEC2,us-gov-west-1,51.27,13.81,synthetic,baseline_operations,none,low,none,Continue monitoring synthetic cost baselines,Baseline synthetic operations remained within expected spend bounds
2026-03-01,2026-03-31,2026-03-17T15:00:00+00:00,2026-03-17T16:00:00+00:00,AWSGlue,Glue-ETL-DPU-Hour,StartJobRun,21.74,19.92,DPU-Hr,us-gov-east-1,glue-00133,0000000003,synthetic-payer,AWSGlue,us-gov-west-1,21.74,19.92,synthetic,baseline_operations,none,low,none,Continue monitoring synthetic cost baselines,Baseline synthetic operations remained within expected spend bounds
2026-03-01,2026-03-31,2026-03-17T18:00:00+00:00,2026-03-17T19:00:00+00:00,AmazonBedrock,InputTokens,InvokeModel,1.87,0.01,1K-Tokens,us-gov-east-1,bedrock-00134,0000000004,synthetic-payer,AmazonBedrock,us-gov-east-1,1.87,0.01,synthetic,baseline_operations,none,low,none,Continue monitoring synthetic cost baselines,Baseline synthetic operations remained within expected spend bounds
2026-03-01,2026-03-31,2026-03-17T21:00:00+00:00,2026-03-17T22:00:00+00:00,AmazonEMR,EMR-InstanceUsage,RunJobFlow,67.23,1303.72,Hrs,us-gov-east-1,emr-00135,0000000005,synthetic-payer,AmazonEMR,us-gov-west-1,67.23,1303.72,synthetic,cluster_left_running,missed_shutdown_hook,high,missed shutdown automation,Bedrock flow scheduled cluster teardown check,EMR waste due to automation gap caused 67 excess compute hours
2026-03-01,2026-03-31,2026-03-18T00:00:00+00:00,2026-03-18T01:00:00+00:00,AWSLambda,Lambda-GB-Second,Invoke,49.74,0.0,GB-Second,us-gov-east-1,lambda-00136,0000000006,synthetic-payer,AWSLambda,us-gov-west-1,49.74,0.0,synthetic,baseline_operations,none,low,none,Continue monitoring synthetic cost baselines,Baseline synthetic operations remained within expected spend bounds
2026-03-01,2026-03-31,2026-03-18T03:00:00+00:00,2026-03-18T04:00:00+00:00,AmazonS3,TimedStorage-ByteHrs,StandardStorage,9.41,0.4,GB-Mo,us-gov-west-1,s3-00137,0000000007,synthetic-payer,AmazonS3,us-gov-east-1,9.41,0.4,synthetic,baseline_operations,none,low,none,Continue monitoring synthetic cost baselines,Baseline synthetic operations remained within expected spend bounds
2026-03-01,2026-03-31,2026-03-18T06:00:00+00:00,2026-03-18T07:00:00+00:00,AmazonRedshift,NodeUsage:ra3.xlplus,CreateCluster,65.5,144.11,Hrs,us-gov-east-1,redshift-00138,0000000008,synthetic-payer,AmazonRedshift,us-gov-east-1,65.5,144.11,synthetic,baseline_operations,none,low,none,Continue monitoring synthetic cost baselines,Baseline synthetic operations remained within expected spend bounds
2026-03-01,2026-03-31,2026-03-18T09:00:00+00:00,2026-03-18T10:00:00+00:00,AWSGlue,Glue-ETL-DPU-Hour,StartJobRun,45.09,32.27,DPU-Hr,us-gov-west-1,glue-00139,0000000009,synthetic-payer,AWSGlue,us-gov-west-1,45.09,32.27,synthetic,baseline_operations,none,low,none,Continue monitoring synthetic cost baselines,Baseline synthetic operations remained within expected spend bounds
2026-03-01,2026-03-31,2026-03-18T12:00:00+00:00,2026-03-18T13:00:00+00:00,AWSLambda,Lambda-GB-Second,Invoke,15.98,0.0,GB-Second,us-gov-west-1,lambda-00140,0000000000,synthetic-payer,AWSLambda,us-gov-west-1,15.98,0.0,synthetic,baseline_operations,none,low,none,Continue monitoring synthetic cost baselines,Baseline synthetic operations remained within expected spend bounds
2026-03-01,2026-03-31,2026-03-18T15:00:00+00:00,2026-03-18T16:00:00+00:00,AmazonS3,TimedStorage-ByteHrs,StandardStorage,40.19,0.99,GB-Mo,us-gov-east-1,s3-00141,0000000001,synthetic-payer,AmazonS3,us-gov-east-1,40.19,0.99,synthetic,baseline_operations,none,low,none,Continue monitoring synthetic cost baselines,Baseline synthetic operations remained within expected spend bounds
2026-03-01,2026-03-31,2026-03-18T18:00:00+00:00,2026-03-18T19:00:00+00:00,AWSLambda,Lambda-GB-Second,Invoke,43.16,0.0,GB-Second,us-gov-west-1,lambda-00142,0000000002,synthetic-payer,AWSLambda,us-gov-east-1,43.16,0.0,synthetic,baseline_operations,none,low,none,Continue monitoring synthetic cost baselines,Baseline synthetic operations remained within expected spend bounds
2026-03-01,2026-03-31,2026-03-18T21:00:00+00:00,2026-03-18T22:00:00+00:00,AWSLambda,Lambda-GB-Second,Invoke,21.07,0.0,GB-Second,us-gov-west-1,lambda-00143,0000000003,synthetic-payer,AWSLambda,us-gov-west-1,21.07,0.0,synthetic,baseline_operations,none,low,none,Continue monitoring synthetic cost baselines,Baseline synthetic operations remained within expected spend bounds
2026-03-01,2026-03-31,2026-03-19T00:00:00+00:00,2026-03-19T01:00:00+00:00,AmazonEMR,EMR-InstanceUsage,RunJobFlow,74.14,2106.69,Hrs,us-gov-west-1,emr-00144,0000000004,synthetic-payer,AmazonEMR,us-gov-east-1,74.14,2106.69,synthetic,cluster_left_running,missed_shutdown_hook,high,missed shutdown automation,Bedrock flow scheduled cluster teardown check,EMR waste due to automation gap caused 74 excess compute hours
2026-03-01,2026-03-31,2026-03-19T03:00:00+00:00,2026-03-19T04:00:00+00:00,AmazonEMR,EMR-InstanceUsage,RunJobFlow,59.69,895.33,Hrs,us-gov-west-1,emr-00145,0000000005,synthetic-payer,AmazonEMR,us-gov-east-1,59.69,895.33,synthetic,baseline_operations,none,low,none,Continue monitoring synthetic cost baselines,Baseline synthetic operations remained within expected spend bounds
2026-03-01,2026-03-31,2026-03-19T06:00:00+00:00,2026-03-19T07:00:00+00:00,AWSGlue,Glue-ETL-DPU-Hour,StartJobRun,54.18,37.47,DPU-Hr,us-gov-east-1,glue-00146,0000000006,synthetic-payer,AWSGlue,us-gov-east-1,54.18,37.47,synthetic,baseline_operations,none,low,none,Continue monitoring synthetic cost baselines,Baseline synthetic operations remained within expected spend bounds
2026-03-01,2026-03-31,2026-03-19T09:00:00+00:00,2026-03-19T10:00:00+00:00,AmazonEC2,BoxUsage:m6i.2xlarge,RunInstances,34.28,11.61,Hrs,us-gov-east-1,ec2-00147,0000000007,synthetic-payer,AmazonEC2,us-gov-east-1,34.28,11.61,synthetic,baseline_operations,none,low,none,Continue monitoring synthetic cost baselines,Baseline synthetic operations remained within expected spend bounds
2026-03-01,2026-03-31,2026-03-19T12:00:00+00:00,2026-03-19T13:00:00+00:00,AWSGlue,Glue-ETL-DPU-Hour,StartJobRun,39.34,24.1,DPU-Hr,us-gov-west-1,glue-00148,0000000008,synthetic-payer,AWSGlue,us-gov-east-1,39.34,24.1,synthetic,baseline_operations,none,low,none,Continue monitoring synthetic cost baselines,Baseline synthetic operations remained within expected spend bounds
2026-03-01,2026-03-31,2026-03-19T15:00:00+00:00,2026-03-19T16:00:00+00:00,AWSLambda,Lambda-GB-Second,Invoke,23.88,0.0,GB-Second,us-gov-west-1,lambda-00149,0000000009,synthetic-payer,AWSLambda,us-gov-west-1,23.88,0.0,synthetic,baseline_operations,none,low,none,Continue monitoring synthetic cost baselines,Baseline synthetic operations remained within expected spend bounds
2026-03-01,2026-03-31,2026-03-19T18:00:00+00:00,2026-03-19T19:00:00+00:00,AWSLambda,Lambda-GB-Second,Invoke,60.35,0.0,GB-Second,us-gov-west-1,lambda-00150,0000000000,synthetic-payer,AWSLambda,us-gov-east-1,60.35,0.0,synthetic,baseline_operations,none,low,none,Continue monitoring synthetic cost baselines,Baseline synthetic operations remained within expected spend bounds
2026-03-01,2026-03-31,2026-03-19T21:00:00+00:00,2026-03-19T22:00:00+00:00,AWSGlue,Glue-ETL-DPU-Hour,StartJobRun,3.86,3.1,DPU-Hr,us-gov-east-1,glue-00151,0000000001,synthetic-payer,AWSGlue,us-gov-east-1,3.86,3.1,synthetic,baseline_operations,none,low,none,Continue monitoring synthetic cost baselines,Baseline synthetic operations remained within expected spend bounds
2026-03-01,2026-03-31,2026-03-20T00:00:00+00:00,2026-03-20T01:00:00+00:00,AmazonEMR,EMR-InstanceUsage,RunJobFlow,13.89,308.28,Hrs,us-gov-east-1,emr-00152,0000000002,synthetic-payer,AmazonEMR,us-gov-west-1,13.89,308.28,synthetic,baseline_operations,none,low,none,Continue monitoring synthetic cost baselines,Baseline synthetic operations remained within expected spend bounds
2026-03-01,2026-03-31,2026-03-20T03:00:00+00:00,2026-03-20T04:00:00+00:00,AmazonRedshift,NodeUsage:ra3.xlplus,CreateCluster,32.82,1294.56,Hrs,us-gov-west-1,redshift-00153,0000000003,synthetic-payer,AmazonRedshift,us-gov-west-1,32.82,1294.56,synthetic,redshift_scan_spike,inefficient_scan_pattern,high,unbounded analytical scan pattern,Bedrock flow query guardrail review,Redshift scan surge increased warehouse cost through repeated full-table access
2026-03-01,2026-03-31,2026-03-20T06:00:00+00:00,2026-03-20T07:00:00+00:00,AWSLambda,Lambda-GB-Second,Invoke,68.11,0.01,GB-Second,us-gov-west-1,lambda-00154,0000000004,synthetic-payer,AWSLambda,us-gov-east-1,68.11,0.01,synthetic,baseline_operations,none,low,none,Continue monitoring synthetic cost baselines,Baseline synthetic operations remained within expected spend bounds
2026-03-01,2026-03-31,2026-03-20T09:00:00+00:00,2026-03-20T10:00:00+00:00,AmazonEC2,BoxUsage:m6i.2xlarge,RunInstances,23.33,8.07,Hrs,us-gov-east-1,ec2-00155,0000000005,synthetic-payer,AmazonEC2,us-gov-west-1,23.33,8.07,synthetic,baseline_operations,none,low,none,Continue monitoring synthetic cost baselines,Baseline synthetic operations remained within expected spend bounds
2026-03-01,2026-03-31,2026-03-20T12:00:00+00:00,2026-03-20T13:00:00+00:00,AWSLambda,Lambda-GB-Second,Invoke,62.73,0.0,GB-Second,us-gov-west-1,lambda-00156,0000000006,synthetic-payer,AWSLambda,us-gov-west-1,62.73,0.0,synthetic,baseline_operations,none,low,none,Continue monitoring synthetic cost baselines,Baseline synthetic operations remained within expected spend bounds
2026-03-01,2026-03-31,2026-03-20T15:00:00+00:00,2026-03-20T16:00:00+00:00,AWSGlue,Glue-ETL-DPU-Hour,StartJobRun,26.69,21.46,DPU-Hr,us-gov-east-1,glue-00157,0000000007,synthetic-payer,AWSGlue,us-gov-west-1,26.69,21.46,synthetic,baseline_operations,none,low,none,Continue monitoring synthetic cost baselines,Baseline synthetic operations remained within expected spend bounds
2026-03-01,2026-03-31,2026-03-20T18:00:00+00:00,2026-03-20T19:00:00+00:00,AmazonS3,TimedStorage-ByteHrs,StandardStorage,19.96,0.48,GB-Mo,us-gov-east-1,s3-00158,0000000008,synthetic-payer,AmazonS3,us-gov-east-1,19.96,0.48,synthetic,baseline_operations,none,low,none,Continue monitoring synthetic cost baselines,Baseline synthetic operations remained within expected spend bounds
2026-03-01,2026-03-31,2026-03-20T21:00:00+00:00,2026-03-20T22:00:00+00:00,AWSLambda,Lambda-GB-Second,Invoke,35.41,0.0,GB-Second,us-gov-west-1,lambda-00159,0000000009,synthetic-payer,AWSLambda,us-gov-west-1,35.41,0.0,synthetic,baseline_operations,none,low,none,Continue monitoring synthetic cost baselines,Baseline synthetic operations remained within expected spend bounds
2026-03-01,2026-03-31,2026-03-21T00:00:00+00:00,2026-03-21T01:00:00+00:00,AmazonEMR,EMR-InstanceUsage,RunJobFlow,40.11,871.65,Hrs,us-gov-west-1,emr-00160,0000000000,synthetic-payer,AmazonEMR,us-gov-west-1,40.11,871.65,synthetic,baseline_operations,none,low,none,Continue monitoring synthetic cost baselines,Baseline synthetic operations remained within expected spend bounds
2026-03-01,2026-03-31,2026-03-21T03:00:00+00:00,2026-03-21T04:00:00+00:00,AmazonBedrock,InputTokens,InvokeModel,65.82,0.65,1K-Tokens,us-gov-west-1,bedrock-00161,0000000001,synthetic-payer,AmazonBedrock,us-gov-west-1,65.82,0.65,synthetic,baseline_operations,none,low,none,Continue monitoring synthetic cost baselines,Baseline synthetic operations remained within expected spend bounds
2026-03-01,2026-03-31,2026-03-21T06:00:00+00:00,2026-03-21T07:00:00+00:00,AmazonRedshift,NodeUsage:ra3.xlplus,CreateCluster,53.29,992.48,Hrs,us-gov-east-1,redshift-00162,0000000002,synthetic-payer,AmazonRedshift,us-gov-east-1,53.29,992.48,synthetic,redshift_scan_spike,inefficient_scan_pattern,high,unbounded analytical scan pattern,Bedrock flow query guardrail review,Redshift scan surge increased warehouse cost through repeated full-table access
2026-03-01,2026-03-31,2026-03-21T09:00:00+00:00,2026-03-21T10:00:00+00:00,AWSGlue,Glue-ETL-DPU-Hour,StartJobRun,11.27,5.23,DPU-Hr,us-gov-west-1,glue-00163,0000000003,synthetic-payer,AWSGlue,us-gov-west-1,11.27,5.23,synthetic,baseline_operations,none,low,none,Continue monitoring synthetic cost baselines,Baseline synthetic operations remained within expected spend bounds
2026-03-01,2026-03-31,2026-03-21T12:00:00+00:00,2026-03-21T13:00:00+00:00,AmazonEMR,EMR-InstanceUsage,RunJobFlow,55.86,1450.22,Hrs,us-gov-east-1,emr-00164,0000000004,synthetic-payer,AmazonEMR,us-gov-east-1,55.86,1450.22,synthetic,baseline_operations,none,low,none,Continue monitoring synthetic cost baselines,Baseline synthetic operations remained within expected spend bounds
2026-03-01,2026-03-31,2026-03-21T15:00:00+00:00,2026-03-21T16:00:00+00:00,AmazonBedrock,InputTokens,InvokeModel,1.18,0.02,1K-Tokens,us-gov-east-1,bedrock-00165,0000000005,synthetic-payer,AmazonBedrock,us-gov-west-1,1.18,0.02,synthetic,baseline_operations,none,low,none,Continue monitoring synthetic cost baselines,Baseline synthetic operations remained within expected spend bounds
2026-03-01,2026-03-31,2026-03-21T18:00:00+00:00,2026-03-21T19:00:00+00:00,AmazonRedshift,NodeUsage:ra3.xlplus,CreateCluster,39.24,93.27,Hrs,us-gov-east-1,redshift-00166,0000000006,synthetic-payer,AmazonRedshift,us-gov-east-1,39.24,93.27,synthetic,baseline_operations,none,low,none,Continue monitoring synthetic cost baselines,Baseline synthetic operations remained within expected spend bounds
2026-03-01,2026-03-31,2026-03-21T21:00:00+00:00,2026-03-21T22:00:00+00:00,AmazonEMR,EMR-InstanceUsage,RunJobFlow,62.74,1739.83,Hrs,us-gov-west-1,emr-00167,0000000007,synthetic-payer,AmazonEMR,us-gov-east-1,62.74,1739.83,synthetic,baseline_operations,none,low,none,Continue monitoring synthetic cost baselines,Baseline synthetic operations remained within expected spend bounds
2026-03-01,2026-03-31,2026-03-22T00:00:00+00:00,2026-03-22T01:00:00+00:00,AmazonS3,TimedStorage-ByteHrs,StandardStorage,61.78,2.0,GB-Mo,us-gov-east-1,s3-00168,0000000008,synthetic-payer,AmazonS3,us-gov-east-1,61.78,2.0,synthetic,baseline_operations,none,low,none,Continue monitoring synthetic cost baselines,Baseline synthetic operations remained within expected spend bounds
2026-03-01,2026-03-31,2026-03-22T03:00:00+00:00,2026-03-22T04:00:00+00:00,AWSLambda,Lambda-GB-Second,Invoke,65.85,0.0,GB-Second,us-gov-west-1,lambda-00169,0000000009,synthetic-payer,AWSLambda,us-gov-east-1,65.85,0.0,synthetic,baseline_operations,none,low,none,Continue monitoring synthetic cost baselines,Baseline synthetic operations remained within expected spend bounds
2026-03-01,2026-03-31,2026-03-22T06:00:00+00:00,2026-03-22T07:00:00+00:00,AmazonEC2,BoxUsage:m6i.2xlarge,RunInstances,9.96,5.94,Hrs,us-gov-east-1,ec2-00170,0000000000,synthetic-payer,AmazonEC2,us-gov-west-1,9.96,5.94,synthetic,baseline_operations,none,low,none,Continue monitoring synthetic cost baselines,Baseline synthetic operations remained within expected spend bounds
2026-03-01,2026-03-31,2026-03-22T09:00:00+00:00,2026-03-22T10:00:00+00:00,AmazonEC2,BoxUsage:m6i.2xlarge,RunInstances,137.3,705.14,Hrs,us-gov-east-1,ec2-00171,0000000001,synthetic-payer,AmazonEC2,us-gov-west-1,137.3,705.14,synthetic,orphan_ebs_leakage,orphaned_storage_cleanup_gap,medium,orphaned block storage,Bedrock flow orphaned resource sweep,Detached storage continued accruing cost after instance retirement
2026-03-01,2026-03-31,2026-03-22T12:00:00+00:00,2026-03-22T13:00:00+00:00,AmazonS3,TimedStorage-ByteHrs,StandardStorage,6.31,0.27,GB-Mo,us-gov-east-1,s3-00172,0000000002,synthetic-payer,AmazonS3,us-gov-east-1,6.31,0.27,synthetic,baseline_operations,none,low,none,Continue monitoring synthetic cost baselines,Baseline synthetic operations remained within expected spend bounds
2026-03-01,2026-03-31,2026-03-22T15:00:00+00:00,2026-03-22T16:00:00+00:00,AWSGlue,Glue-ETL-DPU-Hour,StartJobRun,50.18,37.13,DPU-Hr,us-gov-east-1,glue-00173,0000000003,synthetic-payer,AWSGlue,us-gov-east-1,50.18,37.13,synthetic,baseline_operations,none,low,none,Continue monitoring synthetic cost baselines,Baseline synthetic operations remained within expected spend bounds
2026-03-01,2026-03-31,2026-03-22T18:00:00+00:00,2026-03-22T19:00:00+00:00,AmazonEMR,EMR-InstanceUsage,RunJobFlow,45.5,1202.3,Hrs,us-gov-east-1,emr-00174,0000000004,synthetic-payer,AmazonEMR,us-gov-west-1,45.5,1202.3,synthetic,baseline_operations,none,low,none,Continue monitoring synthetic cost baselines,Baseline synthetic operations remained within expected spend bounds
2026-03-01,2026-03-31,2026-03-22T21:00:00+00:00,2026-03-22T22:00:00+00:00,AWSGlue,Glue-ETL-DPU-Hour,StartJobRun,5.86,4.27,DPU-Hr,us-gov-east-1,glue-00175,0000000005,synthetic-payer,AWSGlue,us-gov-west-1,5.86,4.27,synthetic,baseline_operations,none,low,none,Continue monitoring synthetic cost baselines,Baseline synthetic operations remained within expected spend bounds
2026-03-01,2026-03-31,2026-03-23T00:00:00+00:00,2026-03-23T01:00:00+00:00,AWSLambda,Lambda-GB-Second,Invoke,7.42,0.0,GB-Second,us-gov-west-1,lambda-00176,0000000006,synthetic-payer,AWSLambda,us-gov-east-1,7.42,0.0,synthetic,baseline_operations,none,low,none,Continue monitoring synthetic cost baselines,Baseline synthetic operations remained within expected spend bounds
2026-03-01,2026-03-31,2026-03-23T03:00:00+00:00,2026-03-23T04:00:00+00:00,AmazonS3,TimedStorage-ByteHrs,StandardStorage,50.27,2.37,GB-Mo,us-gov-west-1,s3-00177,0000000007,synthetic-payer,AmazonS3,us-gov-east-1,50.27,2.37,synthetic,baseline_operations,none,low,none,Continue monitoring synthetic cost baselines,Baseline synthetic operations remained within expected spend bounds
2026-03-01,2026-03-31,2026-03-23T06:00:00+00:00,2026-03-23T07:00:00+00:00,AmazonBedrock,InputTokens,InvokeModel,4.98,0.04,1K-Tokens,us-gov-east-1,bedrock-00178,0000000008,synthetic-payer,AmazonBedrock,us-gov-west-1,4.98,0.04,synthetic,baseline_operations,none,low,none,Continue monitoring synthetic cost baselines,Baseline synthetic operations remained within expected spend bounds
2026-03-01,2026-03-31,2026-03-23T09:00:00+00:00,2026-03-23T10:00:00+00:00,AmazonS3,TimedStorage-ByteHrs,StandardStorage,38.71,1.43,GB-Mo,us-gov-west-1,s3-00179,0000000009,synthetic-payer,AmazonS3,us-gov-west-1,38.71,1.43,synthetic,baseline_operations,none,low,none,Continue monitoring synthetic cost baselines,Baseline synthetic operations remained within expected spend bounds
2026-03-01,2026-03-31,2026-03-23T12:00:00+00:00,2026-03-23T13:00:00+00:00,AmazonEC2,BoxUsage:m6i.2xlarge,RunInstances,137.17,467.47,Hrs,us-gov-west-1,ec2-00180,0000000000,synthetic-payer,AmazonEC2,us-gov-east-1,137.17,467.47,synthetic,orphan_ebs_leakage,orphaned_storage_cleanup_gap,medium,orphaned block storage,Bedrock flow orphaned resource sweep,Detached storage continued accruing cost after instance retirement
2026-03-01,2026-03-31,2026-03-23T15:00:00+00:00,2026-03-23T16:00:00+00:00,AmazonEMR,EMR-InstanceUsage,RunJobFlow,33.63,784.78,Hrs,us-gov-east-1,emr-00181,0000000001,synthetic-payer,AmazonEMR,us-gov-east-1,33.63,784.78,synthetic,baseline_operations,none,low,none,Continue monitoring synthetic cost baselines,Baseline synthetic operations remained within expected spend bounds
2026-03-01,2026-03-31,2026-03-23T18:00:00+00:00,2026-03-23T19:00:00+00:00,AWSLambda,Lambda-GB-Second,Invoke,39.81,0.0,GB-Second,us-gov-east-1,lambda-00182,0000000002,synthetic-payer,AWSLambda,us-gov-east-1,39.81,0.0,synthetic,baseline_operations,none,low,none,Continue monitoring synthetic cost baselines,Baseline synthetic operations remained within expected spend bounds
2026-03-01,2026-03-31,2026-03-23T21:00:00+00:00,2026-03-23T22:00:00+00:00,AWSLambda,Lambda-GB-Second,Invoke,69.3,0.0,GB-Second,us-gov-east-1,lambda-00183,0000000003,synthetic-payer,AWSLambda,us-gov-east-1,69.3,0.0,synthetic,baseline_operations,none,low,none,Continue monitoring synthetic cost baselines,Baseline synthetic operations remained within expected spend bounds
2026-03-01,2026-03-31,2026-03-24T00:00:00+00:00,2026-03-24T01:00:00+00:00,AmazonS3,TimedStorage-ByteHrs,StandardStorage,71.96,3.28,GB-Mo,us-gov-west-1,s3-00184,0000000004,synthetic-payer,AmazonS3,us-gov-west-1,71.96,3.28,synthetic,baseline_operations,none,low,none,Continue monitoring synthetic cost baselines,Baseline synthetic operations remained within expected spend bounds
2026-03-01,2026-03-31,2026-03-24T03:00:00+00:00,2026-03-24T04:00:00+00:00,AmazonRedshift,NodeUsage:ra3.xlplus,CreateCluster,41.61,134.27,Hrs,us-gov-east-1,redshift-00185,0000000005,synthetic-payer,AmazonRedshift,us-gov-west-1,41.61,134.27,synthetic,baseline_operations,none,low,none,Continue monitoring synthetic cost baselines,Baseline synthetic operations remained within expected spend bounds
2026-03-01,2026-03-31,2026-03-24T06:00:00+00:00,2026-03-24T07:00:00+00:00,AmazonBedrock,InputTokens,InvokeModel,47.73,0.34,1K-Tokens,us-gov-west-1,bedrock-00186,0000000006,synthetic-payer,AmazonBedrock,us-gov-east-1,47.73,0.34,synthetic,baseline_operations,none,low,none,Continue monitoring synthetic cost baselines,Baseline synthetic operations remained within expected spend bounds
2026-03-01,2026-03-31,2026-03-24T09:00:00+00:00,2026-03-24T10:00:00+00:00,AmazonBedrock,InputTokens,InvokeModel,65.2,0.48,1K-Tokens,us-gov-west-1,bedrock-00187,0000000007,synthetic-payer,AmazonBedrock,us-gov-east-1,65.2,0.48,synthetic,baseline_operations,none,low,none,Continue monitoring synthetic cost baselines,Baseline synthetic operations remained within expected spend bounds
2026-03-01,2026-03-31,2026-03-24T12:00:00+00:00,2026-03-24T13:00:00+00:00,AmazonS3,TimedStorage-ByteHrs,StandardStorage,46.2,1.78,GB-Mo,us-gov-west-1,s3-00188,0000000008,synthetic-payer,AmazonS3,us-gov-west-1,46.2,1.78,synthetic,baseline_operations,none,low,none,Continue monitoring synthetic cost baselines,Baseline synthetic operations remained within expected spend bounds
2026-03-01,2026-03-31,2026-03-24T15:00:00+00:00,2026-03-24T16:00:00+00:00,AmazonEC2,BoxUsage:m6i.2xlarge,RunInstances,163.78,276.22,Hrs,us-gov-east-1,ec2-00189,0000000009,synthetic-payer,AmazonEC2,us-gov-west-1,163.78,276.22,synthetic,orphan_ebs_leakage,orphaned_storage_cleanup_gap,medium,orphaned block storage,Bedrock flow orphaned resource sweep,Detached storage continued accruing cost after instance retirement
2026-03-01,2026-03-31,2026-03-24T18:00:00+00:00,2026-03-24T19:00:00+00:00,AmazonEMR,EMR-InstanceUsage,RunJobFlow,24.2,479.57,Hrs,us-gov-west-1,emr-00190,0000000000,synthetic-payer,AmazonEMR,us-gov-west-1,24.2,479.57,synthetic,baseline_operations,none,low,none,Continue monitoring synthetic cost baselines,Baseline synthetic operations remained within expected spend bounds
2026-03-01,2026-03-31,2026-03-24T21:00:00+00:00,2026-03-24T22:00:00+00:00,AmazonBedrock,InputTokens,InvokeModel,39.3,0.69,1K-Tokens,us-gov-east-1,bedrock-00191,0000000001,synthetic-payer,AmazonBedrock,us-gov-west-1,39.3,0.69,synthetic,baseline_operations,none,low,none,Continue monitoring synthetic cost baselines,Baseline synthetic operations remained within expected spend bounds
2026-03-01,2026-03-31,2026-03-25T00:00:00+00:00,2026-03-25T01:00:00+00:00,AmazonEMR,EMR-InstanceUsage,RunJobFlow,65.9,1793.71,Hrs,us-gov-east-1,emr-00192,0000000002,synthetic-payer,AmazonEMR,us-gov-east-1,65.9,1793.71,synthetic,baseline_operations,none,low,none,Continue monitoring synthetic cost baselines,Baseline synthetic operations remained within expected spend bounds
2026-03-01,2026-03-31,2026-03-25T03:00:00+00:00,2026-03-25T04:00:00+00:00,AmazonBedrock,InputTokens,InvokeModel,9.18,0.16,1K-Tokens,us-gov-west-1,bedrock-00193,0000000003,synthetic-payer,AmazonBedrock,us-gov-west-1,9.18,0.16,synthetic,baseline_operations,none,low,none,Continue monitoring synthetic cost baselines,Baseline synthetic operations remained within expected spend bounds
2026-03-01,2026-03-31,2026-03-25T06:00:00+00:00,2026-03-25T07:00:00+00:00,AmazonBedrock,InputTokens,InvokeModel,49.02,0.64,1K-Tokens,us-gov-east-1,bedrock-00194,0000000004,synthetic-payer,AmazonBedrock,us-gov-east-1,49.02,0.64,synthetic,baseline_operations,none,low,none,Continue monitoring synthetic cost baselines,Baseline synthetic operations remained within expected spend bounds
2026-03-01,2026-03-31,2026-03-25T09:00:00+00:00,2026-03-25T10:00:00+00:00,AmazonEC2,BoxUsage:m6i.2xlarge,RunInstances,57.14,12.88,Hrs,us-gov-west-1,ec2-00195,0000000005,synthetic-payer,AmazonEC2,us-gov-east-1,57.14,12.88,synthetic,baseline_operations,none,low,none,Continue monitoring synthetic cost baselines,Baseline synthetic operations remained within expected spend bounds
2026-03-01,2026-03-31,2026-03-25T12:00:00+00:00,2026-03-25T13:00:00+00:00,AmazonEMR,EMR-InstanceUsage,RunJobFlow,48.77,1141.84,Hrs,us-gov-east-1,emr-00196,0000000006,synthetic-payer,AmazonEMR,us-gov-east-1,48.77,1141.84,synthetic,baseline_operations,none,low,none,Continue monitoring synthetic cost baselines,Baseline synthetic operations remained within expected spend bounds
2026-03-01,2026-03-31,2026-03-25T15:00:00+00:00,2026-03-25T16:00:00+00:00,AmazonEC2,BoxUsage:m6i.2xlarge,RunInstances,48.91,19.75,Hrs,us-gov-east-1,ec2-00197,0000000007,synthetic-payer,AmazonEC2,us-gov-west-1,48.91,19.75,synthetic,baseline_operations,none,low,none,Continue monitoring synthetic cost baselines,Baseline synthetic operations remained within expected spend bounds
2026-03-01,2026-03-31,2026-03-25T18:00:00+00:00,2026-03-25T19:00:00+00:00,AmazonEMR,EMR-InstanceUsage,RunJobFlow,54.71,2524.77,Hrs,us-gov-east-1,emr-00198,0000000008,synthetic-payer,AmazonEMR,us-gov-east-1,54.71,2524.77,synthetic,cluster_left_running,missed_shutdown_hook,high,missed shutdown automation,Bedrock flow scheduled cluster teardown check,EMR waste due to automation gap caused 55 excess compute hours
2026-03-01,2026-03-31,2026-03-25T21:00:00+00:00,2026-03-25T22:00:00+00:00,AmazonEMR,EMR-InstanceUsage,RunJobFlow,71.71,1120.52,Hrs,us-gov-west-1,emr-00199,0000000009,synthetic-payer,AmazonEMR,us-gov-west-1,71.71,1120.52,synthetic,baseline_operations,none,low,none,Continue monitoring synthetic cost baselines,Baseline synthetic operations remained within expected spend bounds
2026-03-01,2026-03-31,2026-03-26T00:00:00+00:00,2026-03-26T01:00:00+00:00,AmazonRedshift,NodeUsage:ra3.xlplus,CreateCluster,33.21,118.92,Hrs,us-gov-east-1,redshift-00200,0000000000,synthetic-payer,AmazonRedshift,us-gov-west-1,33.21,118.92,synthetic,baseline_operations,none,low,none,Continue monitoring synthetic cost baselines,Baseline synthetic operations remained within expected spend bounds
2026-03-01,2026-03-31,2026-03-26T03:00:00+00:00,2026-03-26T04:00:00+00:00,AmazonRedshift,NodeUsage:ra3.xlplus,CreateCluster,47.5,198.77,Hrs,us-gov-east-1,redshift-00201,0000000001,synthetic-payer,AmazonRedshift,us-gov-east-1,47.5,198.77,synthetic,baseline_operations,none,low,none,Continue monitoring synthetic cost baselines,Baseline synthetic operations remained within expected spend bounds
2026-03-01,2026-03-31,2026-03-26T06:00:00+00:00,2026-03-26T07:00:00+00:00,AmazonEC2,BoxUsage:m6i.2xlarge,RunInstances,50.01,15.24,Hrs,us-gov-east-1,ec2-00202,0000000002,synthetic-payer,AmazonEC2,us-gov-west-1,50.01,15.24,synthetic,baseline_operations,none,low,none,Continue monitoring synthetic cost baselines,Baseline synthetic operations remained within expected spend bounds
2026-03-01,2026-03-31,2026-03-26T09:00:00+00:00,2026-03-26T10:00:00+00:00,AmazonBedrock,InputTokens,InvokeModel,26.75,0.47,1K-Tokens,us-gov-east-1,bedrock-00203,0000000003,synthetic-payer,AmazonBedrock,us-gov-east-1,26.75,0.47,synthetic,baseline_operations,none,low,none,Continue monitoring synthetic cost baselines,Baseline synthetic operations remained within expected spend bounds
2026-03-01,2026-03-31,2026-03-26T12:00:00+00:00,2026-03-26T13:00:00+00:00,AmazonEC2,BoxUsage:m6i.2xlarge,RunInstances,29.27,8.61,Hrs,us-gov-west-1,ec2-00204,0000000004,synthetic-payer,AmazonEC2,us-gov-east-1,29.27,8.61,synthetic,baseline_operations,none,low,none,Continue monitoring synthetic cost baselines,Baseline synthetic operations remained within expected spend bounds
2026-03-01,2026-03-31,2026-03-26T15:00:00+00:00,2026-03-26T16:00:00+00:00,AmazonEC2,BoxUsage:m6i.2xlarge,RunInstances,48.06,22.6,Hrs,us-gov-west-1,ec2-00205,0000000005,synthetic-payer,AmazonEC2,us-gov-west-1,48.06,22.6,synthetic,baseline_operations,none,low,none,Continue monitoring synthetic cost baselines,Baseline synthetic operations remained within expected spend bounds
2026-03-01,2026-03-31,2026-03-26T18:00:00+00:00,2026-03-26T19:00:00+00:00,AmazonBedrock,InputTokens,InvokeModel,24.68,0.44,1K-Tokens,us-gov-west-1,bedrock-00206,0000000006,synthetic-payer,AmazonBedrock,us-gov-west-1,24.68,0.44,synthetic,baseline_operations,none,low,none,Continue monitoring synthetic cost baselines,Baseline synthetic operations remained within expected spend bounds
2026-03-01,2026-03-31,2026-03-26T21:00:00+00:00,2026-03-26T22:00:00+00:00,AmazonRedshift,NodeUsage:ra3.xlplus,CreateCluster,45.88,1646.37,Hrs,us-gov-west-1,redshift-00207,0000000007,synthetic-payer,AmazonRedshift,us-gov-west-1,45.88,1646.37,synthetic,redshift_scan_spike,inefficient_scan_pattern,high,unbounded analytical scan pattern,Bedrock flow query guardrail review,Redshift scan surge increased warehouse cost through repeated full-table access
2026-03-01,2026-03-31,2026-03-27T00:00:00+00:00,2026-03-27T01:00:00+00:00,AWSGlue,Glue-ETL-DPU-Hour,StartJobRun,1.2,1.04,DPU-Hr,us-gov-west-1,glue-00208,0000000008,synthetic-payer,AWSGlue,us-gov-west-1,1.2,1.04,synthetic,baseline_operations,none,low,none,Continue monitoring synthetic cost baselines,Baseline synthetic operations remained within expected spend bounds
2026-03-01,2026-03-31,2026-03-27T03:00:00+00:00,2026-03-27T04:00:00+00:00,AWSGlue,Glue-ETL-DPU-Hour,StartJobRun,18.8,8.55,DPU-Hr,us-gov-west-1,glue-00209,0000000009,synthetic-payer,AWSGlue,us-gov-west-1,18.8,8.55,synthetic,baseline_operations,none,low,none,Continue monitoring synthetic cost baselines,Baseline synthetic operations remained within expected spend bounds
2026-03-01,2026-03-31,2026-03-27T06:00:00+00:00,2026-03-27T07:00:00+00:00,AmazonEC2,BoxUsage:m6i.2xlarge,RunInstances,26.44,13.95,Hrs,us-gov-east-1,ec2-00210,0000000000,synthetic-payer,AmazonEC2,us-gov-west-1,26.44,13.95,synthetic,baseline_operations,none,low,none,Continue monitoring synthetic cost baselines,Baseline synthetic operations remained within expected spend bounds
2026-03-01,2026-03-31,2026-03-27T09:00:00+00:00,2026-03-27T10:00:00+00:00,AmazonS3,TimedStorage-ByteHrs,StandardStorage,19.84,0.47,GB-Mo,us-gov-east-1,s3-00211,0000000001,synthetic-payer,AmazonS3,us-gov-west-1,19.84,0.47,synthetic,baseline_operations,none,low,none,Continue monitoring synthetic cost baselines,Baseline synthetic operations remained within expected spend bounds
2026-03-01,2026-03-31,2026-03-27T12:00:00+00:00,2026-03-27T13:00:00+00:00,AWSLambda,Lambda-GB-Second,Invoke,5.51,0.0,GB-Second,us-gov-east-1,lambda-00212,0000000002,synthetic-payer,AWSLambda,us-gov-west-1,5.51,0.0,synthetic,baseline_operations,none,low,none,Continue monitoring synthetic cost baselines,Baseline synthetic operations remained within expected spend bounds
2026-03-01,2026-03-31,2026-03-27T15:00:00+00:00,2026-03-27T16:00:00+00:00,AmazonRedshift,NodeUsage:ra3.xlplus,CreateCluster,36.77,169.07,Hrs,us-gov-west-1,redshift-00213,0000000003,synthetic-payer,AmazonRedshift,us-gov-east-1,36.77,169.07,synthetic,baseline_operations,none,low,none,Continue monitoring synthetic cost baselines,Baseline synthetic operations remained within expected spend bounds
2026-03-01,2026-03-31,2026-03-27T18:00:00+00:00,2026-03-27T19:00:00+00:00,AmazonRedshift,NodeUsage:ra3.xlplus,CreateCluster,46.68,56.73,Hrs,us-gov-east-1,redshift-00214,0000000004,synthetic-payer,AmazonRedshift,us-gov-east-1,46.68,56.73,synthetic,baseline_operations,none,low,none,Continue monitoring synthetic cost baselines,Baseline synthetic operations remained within expected spend bounds
2026-03-01,2026-03-31,2026-03-27T21:00:00+00:00,2026-03-27T22:00:00+00:00,AmazonRedshift,NodeUsage:ra3.xlplus,CreateCluster,49.71,144.85,Hrs,us-gov-east-1,redshift-00215,0000000005,synthetic-payer,AmazonRedshift,us-gov-west-1,49.71,144.85,synthetic,baseline_operations,none,low,none,Continue monitoring synthetic cost baselines,Baseline synthetic operations remained within expected spend bounds
2026-03-01,2026-03-31,2026-03-28T00:00:00+00:00,2026-03-28T01:00:00+00:00,AmazonEC2,BoxUsage:m6i.2xlarge,RunInstances,195.97,518.05,Hrs,us-gov-west-1,ec2-00216,0000000006,synthetic-payer,AmazonEC2,us-gov-east-1,195.97,518.05,synthetic,orphan_ebs_leakage,orphaned_storage_cleanup_gap,medium,orphaned block storage,Bedrock flow orphaned resource sweep,Detached storage continued accruing cost after instance retirement
2026-03-01,2026-03-31,2026-03-28T03:00:00+00:00,2026-03-28T04:00:00+00:00,AmazonEMR,EMR-InstanceUsage,RunJobFlow,28.04,627.07,Hrs,us-gov-east-1,emr-00217,0000000007,synthetic-payer,AmazonEMR,us-gov-east-1,28.04,627.07,synthetic,baseline_operations,none,low,none,Continue monitoring synthetic cost baselines,Baseline synthetic operations remained within expected spend bounds
2026-03-01,2026-03-31,2026-03-28T06:00:00+00:00,2026-03-28T07:00:00+00:00,AWSGlue,Glue-ETL-DPU-Hour,StartJobRun,43.99,18.01,DPU-Hr,us-gov-west-1,glue-00218,0000000008,synthetic-payer,AWSGlue,us-gov-west-1,43.99,18.01,synthetic,baseline_operations,none,low,none,Continue monitoring synthetic cost baselines,Baseline synthetic operations remained within expected spend bounds
2026-03-01,2026-03-31,2026-03-28T09:00:00+00:00,2026-03-28T10:00:00+00:00,AmazonRedshift,NodeUsage:ra3.xlplus,CreateCluster,33.06,64.32,Hrs,us-gov-east-1,redshift-00219,0000000009,synthetic-payer,AmazonRedshift,us-gov-east-1,33.06,64.32,synthetic,baseline_operations,none,low,none,Continue monitoring synthetic cost baselines,Baseline synthetic operations remained within expected spend bounds
2026-03-01,2026-03-31,2026-03-28T12:00:00+00:00,2026-03-28T13:00:00+00:00,AmazonRedshift,NodeUsage:ra3.xlplus,CreateCluster,30.54,44.34,Hrs,us-gov-east-1,redshift-00220,0000000000,synthetic-payer,AmazonRedshift,us-gov-east-1,30.54,44.34,synthetic,baseline_operations,none,low,none,Continue monitoring synthetic cost baselines,Baseline synthetic operations remained within expected spend bounds
2026-03-01,2026-03-31,2026-03-28T15:00:00+00:00,2026-03-28T16:00:00+00:00,AWSLambda,Lambda-GB-Second,Invoke,19.1,0.0,GB-Second,us-gov-east-1,lambda-00221,0000000001,synthetic-payer,AWSLambda,us-gov-west-1,19.1,0.0,synthetic,baseline_operations,none,low,none,Continue monitoring synthetic cost baselines,Baseline synthetic operations remained within expected spend bounds
2026-03-01,2026-03-31,2026-03-28T18:00:00+00:00,2026-03-28T19:00:00+00:00,AmazonEC2,BoxUsage:m6i.2xlarge,RunInstances,60.06,15.4,Hrs,us-gov-west-1,ec2-00222,0000000002,synthetic-payer,AmazonEC2,us-gov-east-1,60.06,15.4,synthetic,baseline_operations,none,low,none,Continue monitoring synthetic cost baselines,Baseline synthetic operations remained within expected spend bounds
2026-03-01,2026-03-31,2026-03-28T21:00:00+00:00,2026-03-28T22:00:00+00:00,AmazonBedrock,InputTokens,InvokeModel,10.24,0.04,1K-Tokens,us-gov-east-1,bedrock-00223,0000000003,synthetic-payer,AmazonBedrock,us-gov-west-1,10.24,0.04,synthetic,baseline_operations,none,low,none,Continue monitoring synthetic cost baselines,Baseline synthetic operations remained within expected spend bounds
2026-03-01,2026-03-31,2026-03-29T00:00:00+00:00,2026-03-29T01:00:00+00:00,AmazonRedshift,NodeUsage:ra3.xlplus,CreateCluster,26.11,93.0,Hrs,us-gov-east-1,redshift-00224,0000000004,synthetic-payer,AmazonRedshift,us-gov-west-1,26.11,93.0,synthetic,baseline_operations,none,low,none,Continue monitoring synthetic cost baselines,Baseline synthetic operations remained within expected spend bounds
2026-03-01,2026-03-31,2026-03-29T03:00:00+00:00,2026-03-29T04:00:00+00:00,AmazonEC2,BoxUsage:m6i.2xlarge,RunInstances,177.86,691.42,Hrs,us-gov-west-1,ec2-00225,0000000005,synthetic-payer,AmazonEC2,us-gov-west-1,177.86,691.42,synthetic,orphan_ebs_leakage,orphaned_storage_cleanup_gap,medium,orphaned block storage,Bedrock flow orphaned resource sweep,Detached storage continued accruing cost after instance retirement
2026-03-01,2026-03-31,2026-03-29T06:00:00+00:00,2026-03-29T07:00:00+00:00,AmazonEMR,EMR-InstanceUsage,RunJobFlow,61.02,1168.28,Hrs,us-gov-east-1,emr-00226,0000000006,synthetic-payer,AmazonEMR,us-gov-west-1,61.02,1168.28,synthetic,baseline_operations,none,low,none,Continue monitoring synthetic cost baselines,Baseline synthetic operations remained within expected spend bounds
2026-03-01,2026-03-31,2026-03-29T09:00:00+00:00,2026-03-29T10:00:00+00:00,AmazonBedrock,InputTokens,InvokeModel,31.47,0.36,1K-Tokens,us-gov-west-1,bedrock-00227,0000000007,synthetic-payer,AmazonBedrock,us-gov-east-1,31.47,0.36,synthetic,baseline_operations,none,low,none,Continue monitoring synthetic cost baselines,Baseline synthetic operations remained within expected spend bounds
2026-03-01,2026-03-31,2026-03-29T12:00:00+00:00,2026-03-29T13:00:00+00:00,AmazonEC2,BoxUsage:m6i.2xlarge,RunInstances,13.81,6.82,Hrs,us-gov-east-1,ec2-00228,0000000008,synthetic-payer,AmazonEC2,us-gov-east-1,13.81,6.82,synthetic,baseline_operations,none,low,none,Continue monitoring synthetic cost baselines,Baseline synthetic operations remained within expected spend bounds
2026-03-01,2026-03-31,2026-03-29T15:00:00+00:00,2026-03-29T16:00:00+00:00,AmazonEMR,EMR-InstanceUsage,RunJobFlow,1.43,37.43,Hrs,us-gov-east-1,emr-00229,0000000009,synthetic-payer,AmazonEMR,us-gov-west-1,1.43,37.43,synthetic,baseline_operations,none,low,none,Continue monitoring synthetic cost baselines,Baseline synthetic operations remained within expected spend bounds
2026-03-01,2026-03-31,2026-03-29T18:00:00+00:00,2026-03-29T19:00:00+00:00,AmazonS3,TimedStorage-ByteHrs,StandardStorage,53.61,2.64,GB-Mo,us-gov-west-1,s3-00230,0000000000,synthetic-payer,AmazonS3,us-gov-west-1,53.61,2.64,synthetic,baseline_operations,none,low,none,Continue monitoring synthetic cost baselines,Baseline synthetic operations remained within expected spend bounds
2026-03-01,2026-03-31,2026-03-29T21:00:00+00:00,2026-03-29T22:00:00+00:00,AmazonRedshift,NodeUsage:ra3.xlplus,CreateCluster,30.81,72.75,Hrs,us-gov-east-1,redshift-00231,0000000001,synthetic-payer,AmazonRedshift,us-gov-east-1,30.81,72.75,synthetic,baseline_operations,none,low,none,Continue monitoring synthetic cost baselines,Baseline synthetic operations remained within expected spend bounds
2026-03-01,2026-03-31,2026-03-30T00:00:00+00:00,2026-03-30T01:00:00+00:00,AWSLambda,Lambda-GB-Second,Invoke,24.03,0.0,GB-Second,us-gov-west-1,lambda-00232,0000000002,synthetic-payer,AWSLambda,us-gov-west-1,24.03,0.0,synthetic,baseline_operations,none,low,none,Continue monitoring synthetic cost baselines,Baseline synthetic operations remained within expected spend bounds
2026-03-01,2026-03-31,2026-03-30T03:00:00+00:00,2026-03-30T04:00:00+00:00,AmazonS3,TimedStorage-ByteHrs,StandardStorage,12.18,0.47,GB-Mo,us-gov-west-1,s3-00233,0000000003,synthetic-payer,AmazonS3,us-gov-east-1,12.18,0.47,synthetic,baseline_operations,none,low,none,Continue monitoring synthetic cost baselines,Baseline synthetic operations remained within expected spend bounds
2026-03-01,2026-03-31,2026-03-30T06:00:00+00:00,2026-03-30T07:00:00+00:00,AmazonRedshift,NodeUsage:ra3.xlplus,CreateCluster,25.76,1314.82,Hrs,us-gov-east-1,redshift-00234,0000000004,synthetic-payer,AmazonRedshift,us-gov-east-1,25.76,1314.82,synthetic,redshift_scan_spike,inefficient_scan_pattern,high,unbounded analytical scan pattern,Bedrock flow query guardrail review,Redshift scan surge increased warehouse cost through repeated full-table access
2026-03-01,2026-03-31,2026-03-30T09:00:00+00:00,2026-03-30T10:00:00+00:00,AmazonEMR,EMR-InstanceUsage,RunJobFlow,31.52,566.27,Hrs,us-gov-east-1,emr-00235,0000000005,synthetic-payer,AmazonEMR,us-gov-east-1,31.52,566.27,synthetic,baseline_operations,none,low,none,Continue monitoring synthetic cost baselines,Baseline synthetic operations remained within expected spend bounds
2026-03-01,2026-03-31,2026-03-30T12:00:00+00:00,2026-03-30T13:00:00+00:00,AmazonEC2,BoxUsage:m6i.2xlarge,RunInstances,16.66,10.06,Hrs,us-gov-west-1,ec2-00236,0000000006,synthetic-payer,AmazonEC2,us-gov-west-1,16.66,10.06,synthetic,baseline_operations,none,low,none,Continue monitoring synthetic cost baselines,Baseline synthetic operations remained within expected spend bounds
2026-03-01,2026-03-31,2026-03-30T15:00:00+00:00,2026-03-30T16:00:00+00:00,AmazonS3,TimedStorage-ByteHrs,StandardStorage,22.4,0.59,GB-Mo,us-gov-west-1,s3-00237,0000000007,synthetic-payer,AmazonS3,us-gov-east-1,22.4,0.59,synthetic,baseline_operations,none,low,none,Continue monitoring synthetic cost baselines,Baseline synthetic operations remained within expected spend bounds
2026-03-01,2026-03-31,2026-03-30T18:00:00+00:00,2026-03-30T19:00:00+00:00,AmazonEMR,EMR-InstanceUsage,RunJobFlow,24.3,342.83,Hrs,us-gov-east-1,emr-00238,0000000008,synthetic-payer,AmazonEMR,us-gov-west-1,24.3,342.83,synthetic,baseline_operations,none,low,none,Continue monitoring synthetic cost baselines,Baseline synthetic operations remained within expected spend bounds
2026-03-01,2026-03-31,2026-03-30T21:00:00+00:00,2026-03-30T22:00:00+00:00,AmazonS3,TimedStorage-ByteHrs,StandardStorage,27.99,1.15,GB-Mo,us-gov-east-1,s3-00239,0000000009,synthetic-payer,AmazonS3,us-gov-west-1,27.99,1.15,synthetic,baseline_operations,none,low,none,Continue monitoring synthetic cost baselines,Baseline synthetic operations remained within expected spend bounds
2026-03-01,2026-03-31,2026-03-31T00:00:00+00:00,2026-03-31T01:00:00+00:00,AmazonRedshift,NodeUsage:ra3.xlplus,CreateCluster,62.19,78.14,Hrs,us-gov-west-1,redshift-00240,0000000000,synthetic-payer,AmazonRedshift,us-gov-east-1,62.19,78.14,synthetic,baseline_operations,none,low,none,Continue monitoring synthetic cost baselines,Baseline synthetic operations remained within expected spend bounds
2026-03-01,2026-03-31,2026-03-31T03:00:00+00:00,2026-03-31T04:00:00+00:00,AmazonEC2,BoxUsage:m6i.2xlarge,RunInstances,62.21,27.66,Hrs,us-gov-east-1,ec2-00241,0000000001,synthetic-payer,AmazonEC2,us-gov-east-1,62.21,27.66,synthetic,baseline_operations,none,low,none,Continue monitoring synthetic cost baselines,Baseline synthetic operations remained within expected spend bounds
2026-03-01,2026-03-31,2026-03-31T06:00:00+00:00,2026-03-31T07:00:00+00:00,AmazonEMR,EMR-InstanceUsage,RunJobFlow,9.18,131.2,Hrs,us-gov-east-1,emr-00242,0000000002,synthetic-payer,AmazonEMR,us-gov-west-1,9.18,131.2,synthetic,baseline_operations,none,low,none,Continue monitoring synthetic cost baselines,Baseline synthetic operations remained within expected spend bounds
2026-03-01,2026-03-31,2026-03-31T09:00:00+00:00,2026-03-31T10:00:00+00:00,AmazonRedshift,NodeUsage:ra3.xlplus,CreateCluster,48.4,991.98,Hrs,us-gov-east-1,redshift-00243,0000000003,synthetic-payer,AmazonRedshift,us-gov-west-1,48.4,991.98,synthetic,redshift_scan_spike,inefficient_scan_pattern,high,unbounded analytical scan pattern,Bedrock flow query guardrail review,Redshift scan surge increased warehouse cost through repeated full-table access
2026-03-01,2026-03-31,2026-03-31T12:00:00+00:00,2026-03-31T13:00:00+00:00,AWSGlue,Glue-ETL-DPU-Hour,StartJobRun,29.43,11.69,DPU-Hr,us-gov-east-1,glue-00244,0000000004,synthetic-payer,AWSGlue,us-gov-east-1,29.43,11.69,synthetic,baseline_operations,none,low,none,Continue monitoring synthetic cost baselines,Baseline synthetic operations remained within expected spend bounds
2026-03-01,2026-03-31,2026-03-31T15:00:00+00:00,2026-03-31T16:00:00+00:00,AmazonS3,TimedStorage-ByteHrs,StandardStorage,24.65,0.62,GB-Mo,us-gov-west-1,s3-00245,0000000005,synthetic-payer,AmazonS3,us-gov-west-1,24.65,0.62,synthetic,baseline_operations,none,low,none,Continue monitoring synthetic cost baselines,Baseline synthetic operations remained within expected spend bounds
2026-03-01,2026-03-31,2026-03-31T18:00:00+00:00,2026-03-31T19:00:00+00:00,AmazonBedrock,InputTokens,InvokeModel,25.81,0.36,1K-Tokens,us-gov-west-1,bedrock-00246,0000000006,synthetic-payer,AmazonBedrock,us-gov-west-1,25.81,0.36,synthetic,baseline_operations,none,low,none,Continue monitoring synthetic cost baselines,Baseline synthetic operations remained within expected spend bounds
2026-03-01,2026-03-31,2026-03-31T21:00:00+00:00,2026-03-31T22:00:00+00:00,AmazonEC2,BoxUsage:m6i.2xlarge,RunInstances,11.4,3.39,Hrs,us-gov-west-1,ec2-00247,0000000007,synthetic-payer,AmazonEC2,us-gov-west-1,11.4,3.39,synthetic,baseline_operations,none,low,none,Continue monitoring synthetic cost baselines,Baseline synthetic operations remained within expected spend bounds
2026-03-01,2026-03-31,2026-04-01T00:00:00+00:00,2026-04-01T01:00:00+00:00,AmazonS3,TimedStorage-ByteHrs,StandardStorage,68.54,2.66,GB-Mo,us-gov-east-1,s3-00248,0000000008,synthetic-payer,AmazonS3,us-gov-east-1,68.54,2.66,synthetic,baseline_operations,none,low,none,Continue monitoring synthetic cost baselines,Baseline synthetic operations remained within expected spend bounds
2026-03-01,2026-03-31,2026-04-01T03:00:00+00:00,2026-04-01T04:00:00+00:00,AWSLambda,Lambda-GB-Second,Invoke,66.61,0.0,GB-Second,us-gov-east-1,lambda-00249,0000000009,synthetic-payer,AWSLambda,us-gov-east-1,66.61,0.0,synthetic,baseline_operations,none,low,none,Continue monitoring synthetic cost baselines,Baseline synthetic operations remained within expected spend bounds
